Date,ADPT,AFRM,ALH,ALVO,AM,AMH,AMRZ,AOS,APA,APD,ASST,ATRC,AUGO,AVA,BBY,BCRX,BKV,BN,CAI,CALM,CAR,CELC,CHEF,CNK,COP,CPB,CRBG,CRL,CRUS,CRWD,CTRI,CTVA,CVI,DHT,DRH,DX,ECO,ECPG,ELF,EPD,EPRT,ESAB,EXE,EXP,FELE,FG,FIGS,FNB,GCT,GLNG,GME,GPK,HAE,HAYW,HCC,HGTY,HST,HTFL,HTO,IDT,INGR,INVH,IRDM,IRON,IRT,IRTC,KO,KRMN,LBTYA,LEVI,LIND,LTC,LVS,MANU,MMYT,MO,MRX,MTCH,MTH,MZTI,NAMS,NRG,NUE,OKTA,OLED,ORA,PATK,PCG,PCOR,PEB,PFGC,PII,PM,PSX,PWR,RBRK,RCL,REYN,REZI,RKT,RNG,RPM,SDGR,SFD,SIG,SIGI,SIRI,SM,SSRM,STLD,STUB,SYK,TBBB,TGT,TMUS,TRLV,TTD,USFD,VC,VIR,VLO,VRSN,WOR,XP,XLK,XLC,XLY,XLP,XLV,XLF,XLRE,XLI,XLB,XLE,XLU
2026-04-13,0.099637,0.068485,0.043084,0.024558,-0.018324,-0.000336,0.021154,0.018934,0.022018,-0.000201,0.085599,0.015117,0.019327,-0.013949,-0.024673,-0.015815,-0.018987,0.036122,0.058112,0.001844,0.212647,0.02745,0.001858,0.0,0.008693,-0.012808,0.019843,0.015198,0.006852,0.05946,0.001483,-0.003825,0.021624,0.00628,0.002943,-0.006857,0.013776,0.037087,0.007495,0.001872,-0.012369,0.007253,-0.012299,0.011762,0.024908,0.057413,0.018809,0.006199,-0.023739,0.002624,0.007722,0.013354,0.033454,0.019966,-0.006359,-0.022739,0.006434,0.017654,-0.024772,-0.000201,-0.009464,-0.002309,0.029956,0.031758,0.007762,0.044218,-0.013777,0.061907,0.021243,-0.018634,0.004694,-0.016408,0.025673,0.010152,0.053384,-0.008496,0.048184,0.046233,-0.002257,0.009392,0.041972,0.036916,0.018894,0.039416,0.03338,-0.025848,-0.048701,-0.044109,0.065611,0.010953,-0.008463,0.000543,0.014233,0.007195,0.017745,0.103967,0.019559,-0.015906,0.015288,0.031159,0.096422,0.002195,0.007011,-0.016912,-0.007612,0.022267,0.007985,0.016425,-0.03283,0.025387,0.043689,0.023574,-0.049003,-0.033452,-0.016902,-0.001586,0.054722,-0.000328,-0.006082,-0.020203,0.013558,0.043906,0.004879,0.018831,0.020748,0.007606,0.009083,-0.010005,0.00447,0.017378,0.00466,0.00703,0.004417,0.002981,-0.012212
2026-04-14,0.027915,0.071466,0.003208,-0.049734,-0.017724,0.01236,0.012081,-0.003728,-0.064319,-0.006787,0.070833,0.025492,0.044126,0.009881,0.01969,0.027255,-0.044748,0.041691,0.05393,-0.005412,0.103726,0.003731,0.023541,0.002959,-0.039855,-0.008464,0.024947,0.005424,-0.002175,-0.009367,-0.001186,-0.006728,-0.038736,-0.022447,0.019399,0.012913,-0.024441,0.018103,0.048776,-0.004553,0.004966,0.017139,-0.021606,-0.001289,-0.001454,0.005095,0.002068,-0.00394,0.033012,-0.008082,0.026567,-0.008197,0.020209,0.011522,-0.023278,0.004589,0.031086,0.057381,-0.001891,0.029758,-0.004854,0.019455,0.024665,0.029079,0.011531,0.022818,-0.006697,0.02686,0.008853,0.002683,0.039781,0.002034,0.012324,0.005596,0.034891,-0.017972,0.015152,0.011679,0.003608,-0.007212,-0.051221,0.00422,0.001949,-0.021151,-0.034306,0.021673,-0.005551,-0.010198,-0.015802,0.024391,0.01507,0.040286,-0.020359,-0.010277,-0.00242,-0.012003,-0.003121,-0.004591,0.027095,0.005208,0.007832,-0.007061,0.039389,0.002434,0.004938,-0.01033,-0.007141,-0.042484,0.024038,-0.00087,0.052056,-0.003924,-0.003074,0.0139,-0.012708,0.020425,-0.00947,0.011748,0.003312,0.076484,-0.027218,-0.011486,-0.002708,0.041823,0.015875,0.01504,0.02188,-0.000982,0.005795,0.00232,0.009485,0.003583,-0.003455,-0.020521,0.001723
2026-04-15,0.0,0.065859,0.0008,0.036165,0.00047,0.001327,-0.020727,-0.054657,-0.01168,-0.004799,0.084796,-0.001021,-0.034076,-0.006979,0.021204,-0.024072,0.003775,0.020642,0.036951,-0.007172,-0.039122,0.021448,-0.026019,-0.018556,0.001094,0.024205,0.047728,0.006947,-0.019092,0.0313,-0.017965,-0.019846,0.048901,0.027556,-0.010623,0.012003,0.04771,-0.012879,0.013837,-0.004035,0.01139,-0.026756,0.003755,-0.022426,-0.02893,0.033823,0.058191,0.008984,0.035183,0.015728,0.031137,-0.004124,0.024015,-0.013569,0.03483,0.009116,-0.010577,0.006177,0.002063,-0.007849,-0.002924,-0.007204,0.05074,-0.004266,-0.001913,0.00953,-0.007804,0.027884,-0.007238,-0.005374,0.002497,0.005825,0.01324,-0.012918,0.050049,-0.018456,-0.022238,0.02731,-0.024456,-0.041024,-0.012564,-0.014791,-0.002318,0.049615,0.015021,-0.008138,-0.115295,-0.009728,0.054725,-0.007826,-0.008182,-0.182913,-0.014401,0.01674,-0.00435,0.067034,0.002767,-0.00415,0.013403,0.006473,0.040596,-0.027805,0.040318,-0.0271,-0.007416,-0.003467,0.020447,-0.011641,-0.052512,-0.006112,0.034191,-0.013506,-0.020643,0.02756,0.001,0.045601,0.062693,-0.024744,-0.005992,0.039986,-0.002465,0.025461,-0.027861,-0.020933,0.015827,0.00684,0.014833,-0.005045,-0.007148,0.007504,-0.000461,-0.012597,-0.012187,-0.003402,-0.009731
2026-04-16,-0.03146,0.011009,-0.021428,-0.010989,-0.000941,-0.006653,-0.026746,-0.001421,0.034903,0.006853,0.032718,-0.016824,0.006265,0.011286,0.019991,0.008439,0.028234,-0.011899,-0.026604,0.017049,0.126145,0.014314,-0.023693,0.003339,0.022039,0.021724,0.000373,-0.020252,0.044217,0.016977,-0.014914,-0.00197,0.037834,0.003392,-0.000971,-0.012758,-0.024275,0.000127,-0.00877,0.006181,0.006103,-0.024759,0.013546,0.002331,-0.010438,-0.006065,0.042614,-0.027772,0.034817,-0.010082,0.01561,-0.013521,-0.030151,0.013569,-0.034247,-0.045484,-0.005817,0.019313,0.020402,0.009997,0.009977,-0.000381,0.133104,-0.010456,-0.000638,-0.014574,-0.001728,-0.053378,0.018393,-0.002698,-0.024231,0.005791,0.007967,-0.025187,0.01984,0.00804,-0.011016,0.006641,-0.010978,0.001536,-0.024105,0.000297,0.011797,0.066902,0.007376,-0.011399,0.036015,-0.001151,0.023766,-0.010772,0.001687,0.101971,-0.006062,0.011639,-0.007462,0.01123,-0.059697,0.013312,-0.014676,0.016635,0.040998,0.004744,-0.027802,0.021529,-0.017962,0.00062,0.021251,0.027073,-0.000321,0.008413,-0.045853,-0.008416,0.065253,0.008429,0.035789,-0.034773,0.016837,-0.004555,-0.005165,-0.012506,0.028277,-0.005136,-0.014416,0.015267,0.011379,0.012448,-0.004665,0.004554,-0.007881,-0.002687,0.009172,-0.004978,0.007175,0.014599,0.007145
2026-04-17,0.027322,0.067665,0.028999,-0.002766,0.002351,0.024074,0.009053,0.024045,-0.058681,-0.018437,0.110284,0.028671,0.03231,-0.003109,0.016258,-0.002103,0.016349,0.013832,0.036105,0.003793,0.095274,-0.022527,0.044107,0.000333,-0.046555,0.002385,-0.002986,0.038473,0.017798,0.013656,0.034065,-0.010155,-0.109902,0.033299,0.025901,0.027562,0.038523,0.025715,-0.035721,-0.017838,0.018985,0.101969,-0.015944,0.018655,0.025499,0.030334,0.006826,0.030563,0.071616,-0.027587,-0.025338,0.029915,0.02481,0.028564,0.006388,0.028092,0.026387,0.050387,-0.023326,0.017018,0.012398,0.02852,-0.036598,0.032859,0.03081,0.021862,0.007421,-0.050509,-0.004766,0.030594,0.068618,-0.001005,0.016266,0.017811,0.064147,-0.011928,0.001165,0.021635,0.056666,0.014946,0.043613,-0.00458,0.020737,0.003327,0.002212,0.004611,0.038417,-0.006353,0.03282,0.010772,0.049213,0.088221,0.009872,-0.043548,0.024318,0.007672,0.070864,0.018971,0.026413,0.053733,0.001487,0.03862,0.022952,0.012492,0.038147,0.025699,0.029877,-0.078116,0.019079,0.023078,0.014556,0.014493,0.021711,0.031224,0.002786,-0.020203,-0.012824,0.042406,0.06221,0.039853,-0.07778,0.00073,0.039199,-0.000947,0.015211,0.00227,0.023359,0.01257,0.014827,0.007659,0.015178,0.018497,0.002509,-0.027959,-0.004108
2026-04-20,0.007573,0.038922,0.043882,0.002766,-0.019446,0.013271,0.008628,0.011961,0.006415,0.014763,0.00064,-0.031792,-0.036863,-0.011564,0.018241,-0.033176,-0.004334,0.001501,0.004246,-0.01951,0.209238,-0.019543,-0.004721,0.008296,0.003527,0.012781,0.004104,0.008987,0.003451,0.021469,-0.019151,-0.000623,0.024825,0.018389,-0.004746,0.00805,0.021853,0.017797,0.023663,0.006524,-0.005988,-0.017403,-0.003659,0.023422,-0.009486,-0.001477,-0.011194,-0.00615,-0.033569,0.013413,0.014959,0.010111,-0.00733,0.003269,0.016535,0.002766,0.008017,0.001275,0.035703,0.00249,-0.009065,0.015783,-0.002632,-0.005029,0.003708,-0.003277,-0.003439,-0.010706,0.016582,0.009129,-0.034461,-0.018261,-0.007838,0.019177,-0.027622,0.006833,-0.011714,0.016756,0.019782,-0.041239,-0.025111,-0.064964,0.032103,0.047438,0.000602,-0.011925,-0.030383,0.005201,0.004858,0.010657,-0.020203,0.046724,-0.001522,-0.003973,0.005121,0.023788,-0.011308,-0.032745,-0.007726,0.029039,-0.004467,-0.00082,0.036599,-0.015289,0.011668,-0.011177,0.066058,0.036299,0.00534,0.044091,-0.002894,-0.014612,0.02125,0.018139,0.003485,0.095738,0.067954,-0.004493,0.027889,0.031138,0.011691,0.006402,-0.005819,-0.013359,0.00136,-0.002943,-0.004495,-0.000849,-0.009317,0.003807,0.003591,0.002245,0.006724,0.000908,-0.008922
2026-04-21,-0.025705,-0.037373,-0.019955,-0.030858,-0.013015,-0.019153,-0.018731,-0.009342,0.044319,-0.004637,-0.020046,-0.050581,-0.079821,-0.022297,-0.005242,-0.068682,-0.003989,-0.004726,-0.019492,0.024978,0.159351,0.048596,-0.002751,-0.047024,0.032194,-0.0166,-0.02183,-0.013238,0.008221,0.037296,-0.004239,0.000747,0.033879,-0.036566,-0.019213,0.002911,-0.031981,-0.005489,-0.021271,0.008095,-0.010263,-0.019225,-0.012755,-0.001457,0.003172,0.001477,-0.005016,-0.010713,-0.054777,0.005504,-0.018632,-0.020326,-0.015818,0.001956,0.031169,-0.007394,-0.008017,0.014867,-0.014398,-0.004217,-0.008883,-0.019118,0.028111,-0.033173,-0.019309,-0.049479,-0.010388,-0.007648,-0.030209,0.01076,-0.082845,-0.009515,0.006101,-0.019747,-0.033811,0.000619,-0.029091,-0.004997,0.000864,-0.047017,-0.040428,-0.04769,0.028273,0.024512,-0.00584,-0.032298,-0.001158,-0.021556,0.008401,-0.01567,-0.00965,0.011959,-0.027672,0.023039,0.00152,0.007805,-0.039012,-0.030512,0.007726,-0.0733,0.027715,-0.022396,0.006231,0.015289,0.002296,-0.011922,-0.038956,0.041817,-0.066378,0.050574,0.045333,-0.033174,0.003839,0.014641,-0.015086,-0.005723,-0.035983,-0.016976,-0.000888,-0.023724,0.030938,-0.022105,-0.004204,-0.025293,0.000841,-0.01348,-0.007536,-0.006698,-0.010227,-0.00629,-0.019453,-0.014247,-0.008846,0.014423,-0.017641
2026-04-22,-0.000704,0.03019,-0.042762,-0.002853,0.03011,-0.010875,-0.009499,-0.002773,0.018831,0.006694,0.084504,0.009455,0.008203,-0.005715,-0.047042,0.048901,0.020501,-0.005398,-0.015969,-0.000779,-0.475151,-0.02938,0.003514,-0.011847,0.019271,-0.004313,0.012855,0.009242,0.000707,0.037263,0.014757,-0.012524,0.002559,-0.013994,-0.021569,0.001453,-0.010232,0.020102,-0.021123,0.014143,-0.027062,-0.016709,0.022034,-0.008199,-0.021306,0.000737,-0.028045,0.000567,0.007354,-0.003223,0.047894,-0.051618,0.015164,-0.012455,-0.020633,-0.025365,-0.012867,0.033347,0.012402,-0.001538,-0.005137,-0.009698,-0.060741,0.009078,-0.025479,0.025497,-0.000937,0.000609,-0.036158,-0.017377,-0.016771,-0.029515,-0.012064,-0.010309,-0.044755,0.008165,0.012258,0.016561,-0.011288,0.000236,-0.016765,-0.001736,0.029364,0.01356,0.001614,-0.01069,-0.021857,-0.005907,0.011855,-0.021038,0.012048,-0.048033,0.067491,0.007937,0.012938,0.022333,-0.021709,-0.005736,0.007174,-0.038442,0.003863,-0.007203,-0.04202,-0.004147,-0.058834,-0.041013,0.069349,0.034305,0.024145,0.032393,-0.005556,0.006244,-0.000256,-0.01142,-0.033674,0.156403,0.015398,0.006088,-0.01351,-0.014884,0.004147,0.000185,-0.011791,0.003933,0.021741,0.006127,-0.000336,0.003294,0.003147,-0.001722,-0.007336,-0.002336,0.001158,0.011921,-0.001781
2026-04-23,-0.027125,-0.055587,-0.008531,-0.034887,0.00657,0.014147,0.005112,0.004311,0.015642,0.022952,-0.027999,0.020774,-0.101148,0.027527,-0.032475,-0.028139,0.021135,-0.018133,-0.035248,-0.010187,-0.661356,-0.075126,-0.009348,0.002451,0.014334,0.006702,-0.00301,-0.096859,0.017042,-0.046693,0.031197,0.003523,-0.002559,0.002815,0.004943,-0.000735,0.000198,0.008238,0.009863,0.002646,-0.018245,-0.009092,-0.000623,0.020996,0.026932,0.009538,0.041158,0.010147,-0.005668,0.00038,-0.025658,0.019273,-0.025012,0.011151,-0.001353,0.00947,0.010496,-0.052685,0.020932,-0.012973,0.002394,0.022972,0.013034,-0.020141,0.02233,-0.004026,0.021868,-0.069463,0.0133,-0.014567,0.004355,0.014075,-0.090135,-0.024477,-0.005245,0.029776,0.04051,-0.024104,0.017171,-0.014496,-0.015142,0.032423,-0.006133,-0.034384,-0.014317,0.059855,-0.012607,-0.002966,-0.062605,0.007305,-0.017906,0.014923,0.031461,-0.006996,0.031529,-0.079274,-0.019808,0.000958,0.001478,-0.001961,-0.071664,-0.007728,-0.079166,0.013755,-0.004544,0.083376,-0.002141,0.007884,-0.024815,-0.010652,-0.02825,0.00091,-0.048152,-0.003298,0.026895,-0.068029,-0.040716,0.006159,0.089941,-0.03045,-0.002264,0.026045,0.016177,-0.037495,-0.014335,-0.004165,-0.010056,0.016547,-0.000957,-0.007884,0.011439,0.01756,-0.000386,0.007752,0.026827
2026-04-24,0.022891,0.011681,-0.018115,0.0,-0.000468,-0.001962,0.019653,-0.010968,-0.02435,-0.006244,-0.025001,0.037228,0.020246,-0.003157,-0.017221,0.02034,0.013502,0.002642,0.020506,0.000787,-0.116213,0.063707,0.007974,-0.004205,-0.021209,-0.016354,-0.009845,0.012206,0.007839,0.006133,0.006643,0.002133,0.009563,0.015063,0.007859,0.011696,0.049007,-0.004409,0.000755,0.004219,-0.002543,-0.016063,0.001453,0.001726,0.003242,0.021669,0.023905,-0.017539,-0.016129,-0.00095,-0.002402,-0.00852,0.005186,0.001955,-0.022365,0.008447,-0.008101,-0.025942,-0.026276,0.009311,-0.001773,-0.006247,-0.049328,0.007728,-0.003793,0.007301,0.004578,-0.086964,-0.017493,-0.008036,-0.001631,0.008404,0.016419,0.007055,0.008292,-0.004029,0.012579,0.030108,-0.011945,0.017009,-0.056897,0.033597,0.006273,-0.000789,0.012703,-0.002115,-0.030737,-0.013158,0.036769,0.015885,0.000665,0.010548,-0.029937,0.020598,-0.01367,0.0242,0.020561,0.008584,0.010041,0.020726,0.057101,-0.006835,0.032762,0.002388,-0.011215,-0.022774,-0.050917,-0.017565,0.02318,0.007702,0.024063,-0.006513,-0.000805,-0.007015,-0.022248,0.134483,0.057969,0.003978,0.038465,0.00193,0.008602,-0.028382,0.006362,0.005588,0.027718,-0.015885,0.008036,-0.002999,-0.014187,-0.007363,-0.002962,-0.009234,0.002121,-0.001932,0.001951
2026-04-27,0.004938,0.021887,0.023405,-0.023953,0.009779,-0.008217,0.010544,0.004649,0.018383,0.002053,-0.006986,-0.00823,-0.02648,-0.001704,-0.019713,-0.004484,0.012304,-0.014618,-0.013456,0.019998,-0.086637,0.037701,0.020859,0.033152,-0.000657,-0.003401,0.015855,0.008386,-0.019597,0.014356,0.019102,-0.004773,0.027227,0.015385,0.000978,0.002178,0.021053,0.006785,-0.03939,0.005773,-0.010237,0.019361,-0.001453,0.005398,0.015187,0.006765,-0.056055,0.010786,-0.028208,0.003793,0.018269,0.026387,0.009136,0.02761,0.009303,0.001867,-0.000957,0.041505,-0.002683,0.012854,0.002836,0.003679,-0.040865,0.0,0.00253,0.029079,-0.015651,0.024338,-0.024672,0.02304,-0.003816,0.004436,0.03095,0.008749,0.02553,-0.013245,0.006042,0.004615,0.00951,0.000941,0.024266,0.002125,0.003308,0.002104,-0.041756,0.006244,-0.007756,-0.013334,0.004502,0.014225,-0.017994,0.016682,-0.020302,0.007646,0.019714,0.018572,-0.026569,-0.010501,-0.013245,-0.009662,-0.011311,9.5e-05,-0.00425,-0.021351,-0.010202,0.03268,-0.002257,0.011057,0.006525,-0.007746,0.015267,0.004569,-0.028025,0.003552,-0.037852,0.078363,-0.03524,-0.023888,-0.004849,0.025704,0.010125,-0.004841,0.010634,-0.008138,0.002182,0.002334,-0.007187,-0.010751,-0.005006,0.007556,-0.007788,0.000232,-0.0027,-0.00176,0.000216
2026-04-28,-0.012036,-0.030714,0.024455,0.064539,0.012892,0.038205,-0.011935,-0.011976,0.005708,0.003203,-0.026479,-0.019472,-0.050605,0.00389,-0.002703,-0.004505,0.027472,-0.013251,-0.077704,-0.006449,-0.027421,-0.045664,-0.039825,-0.006475,0.021464,-0.000487,0.008577,-0.026272,-0.049695,0.000836,0.001411,-0.006062,0.007995,-0.00273,0.002928,-0.003632,0.007896,-0.002732,-0.011364,0.00652,0.008006,-0.036791,0.00683,-0.011741,-0.004357,0.015493,-0.038529,0.001693,-0.055658,0.000189,-0.012673,0.012423,-0.010638,0.000633,0.02339,-0.004675,0.00287,-0.037898,-0.00505,-0.00516,0.0,0.032873,-0.001338,-0.023364,0.030484,-0.004137,0.037848,-0.0232,-0.007782,-0.023489,-0.024884,0.000521,-0.003863,0.014986,-0.008082,0.026908,-0.006421,0.00257,-0.005176,-0.005343,-0.058492,-0.033912,0.045951,0.000788,-0.040283,-0.008982,-0.020983,-0.007963,-0.002159,-0.003537,-0.008722,0.085057,0.030542,0.006257,-0.009998,0.024482,-0.011578,0.004309,0.005908,-0.009103,-0.021748,-0.012363,0.041707,-0.066559,-0.007778,0.004566,-0.010983,0.006167,-0.050694,0.008496,0.028515,-0.023308,-0.001104,-0.020089,0.021491,0.067718,0.003882,-0.006837,-0.024878,-0.03442,0.008443,0.009289,-0.001615,-0.015959,-0.017085,-0.000518,-0.007068,0.008947,0.002645,0.000772,0.009611,-0.008909,-0.007366,0.016422,0.001298
2026-04-29,-0.037001,0.005054,-0.019193,-0.064539,0.011261,-0.005415,-0.012255,-0.003605,0.042301,-0.002806,-0.058622,-0.040851,-0.026419,-0.016885,-0.00645,0.014566,0.011827,-0.024257,-0.037011,-0.02441,-0.004736,-0.008951,0.164152,-0.008239,0.031123,-0.004391,0.000742,-0.017845,-0.032648,-0.005753,-0.007928,0.005432,0.044332,-0.001094,-0.000975,-0.017622,-0.007528,-0.025785,-0.03095,0.008284,-0.006079,-0.032991,0.040723,-0.013981,-0.011517,-0.008421,0.000666,-0.011908,0.009494,0.020418,-0.02298,-0.012423,-0.013967,-0.058649,0.005457,-0.056883,0.005714,-0.033958,-0.027197,-0.031532,-0.01157,-0.002491,-0.026039,-0.019366,-0.00184,-0.038105,0.006615,-0.06342,-0.010471,-0.018557,-0.010695,-0.004956,-0.010002,0.001144,0.015047,0.005882,0.01579,-0.001216,-0.034464,0.012372,-0.010149,-0.038185,-0.012157,-0.000525,-0.017694,-0.024445,-0.010873,0.006742,0.008071,0.014773,0.00284,0.01122,-0.019355,0.049387,-0.003716,-0.016627,-0.007374,-0.017836,-0.019832,-0.061278,0.015547,-0.029456,-0.040005,-0.017261,-0.024291,-0.010923,0.018861,0.064474,-0.036938,-0.011477,-0.021652,-0.019794,-0.012229,0.005725,0.059515,-0.04256,0.047908,0.009909,-0.019397,-0.019647,0.044884,0.008103,-0.033784,-0.047286,0.00795,-0.003982,-0.001454,-0.001928,-0.006976,0.001349,-0.006168,-0.00616,-0.008597,0.022615,-0.012401
2026-04-30,0.041265,0.012524,0.023934,0.012048,-0.000914,0.016786,-0.054106,-0.023651,0.010117,-0.008132,0.063844,0.027775,0.040198,0.014212,0.029527,0.018733,0.029286,0.04418,0.066927,0.028755,-0.002653,0.019555,0.024789,0.017427,-0.019447,0.016489,0.021656,0.018924,0.03615,-0.014764,0.066526,0.020452,-0.029436,0.011429,-0.00489,0.00885,0.0179,0.0102,0.04623,0.011958,0.008628,0.02025,0.011421,0.02677,-0.016629,0.00912,-0.004668,0.01809,0.025035,0.019465,0.017385,-0.007318,0.018137,0.007355,-0.002001,0.007905,0.003318,0.007758,-0.025998,-0.00834,0.000269,0.024632,0.071061,-0.000303,0.001227,0.06733,-0.001396,0.029862,0.015666,0.01766,0.047523,-0.000523,0.016432,0.075902,-0.006966,0.063209,-0.005048,0.012099,0.004763,0.013757,0.004562,0.043147,0.012956,-0.033512,-0.028748,0.040677,-0.003221,0.015156,0.010661,-0.019035,0.026973,-0.014234,0.0144,0.032103,0.14649,-0.009358,0.037666,0.019745,0.035178,0.015162,0.000746,0.011847,0.016864,-0.005313,0.046322,-0.008658,0.006704,-0.006425,0.022465,0.01894,-0.00274,0.0,0.020482,0.014595,-0.013565,0.018462,-0.03253,0.023923,0.031555,0.013304,0.005081,-0.014559,0.007955,0.041562,0.002448,0.010526,0.012841,0.016624,0.021813,0.004037,0.017265,0.026997,0.009958,0.010448,0.02529
2026-05-01,0.011985,0.049472,0.002362,0.035298,-0.007346,0.003449,-0.007465,-0.024389,-0.014841,0.003394,0.060012,0.03186,-0.031273,-0.009289,-0.007301,0.00327,-0.006683,0.002435,-0.028291,-0.013159,0.026652,0.034821,0.015726,-0.066528,-0.020806,-0.00289,-0.000727,-0.007153,0.007088,0.021945,0.042947,-0.001977,0.004216,0.020884,0.026126,-0.003678,-0.002356,0.006383,-0.055936,-0.017464,-0.005424,-0.003364,-0.020073,0.003374,-0.007514,-0.001747,0.028988,-0.010701,0.013618,0.012829,0.061402,0.017681,-0.013909,0.002661,-0.040581,0.017561,0.0,-0.037314,0.009564,0.019353,-0.011793,-0.008377,0.009425,0.014452,-0.003685,-0.066916,-0.002288,-0.033658,0.032288,0.0,0.001079,0.007299,-0.015129,-0.018173,0.020753,0.025817,-0.016251,0.032859,-0.014961,-0.046345,-0.004562,-0.011249,0.003323,0.02851,0.10146,-0.012259,-0.044638,-0.010281,0.047291,0.002133,-0.020865,0.002261,0.007905,-0.01666,0.019647,0.034923,0.006763,-0.009583,-0.030183,0.001367,0.114074,-0.005413,0.035322,0.00038,-0.038121,-0.022527,0.01034,-0.018212,0.013104,0.002664,0.045584,-0.066926,0.002189,-0.00665,0.00286,-0.025735,0.027181,-0.004825,-0.007728,-0.021272,-0.022866,0.013972,0.002025,-0.005233,0.01475,0.001801,0.002363,-0.001662,-0.005702,-0.004037,-0.001803,-0.009323,-0.002334,-0.013502,-0.006424
2026-05-04,0.015989,-0.006834,0.006272,0.017192,0.013275,0.000938,-0.047377,-0.024999,0.046021,-0.009076,0.002755,-0.008305,-0.005615,-0.003937,-0.040961,0.001088,0.024599,-0.005543,0.011841,-0.019868,-0.097576,0.143095,-0.010713,-0.01312,0.013866,-0.011157,-0.016487,0.038692,-0.000426,0.029411,0.001019,0.010336,0.027269,-0.01495,-0.02319,-0.023109,0.005068,-0.001321,0.022234,0.016689,-0.007707,-0.031426,0.006471,-0.029068,-0.005546,-0.008783,-0.097455,-0.003972,-0.030162,0.012489,-0.106911,-0.014538,-0.0688,-0.04415,-0.025615,-0.026459,-0.01286,0.009719,0.010346,0.014562,-0.032675,0.000701,0.011345,0.010851,0.01284,-0.013501,-0.004975,-0.006257,-0.012621,-0.008564,-0.039027,-0.007038,-0.03654,-0.016862,-0.028195,-0.01541,-0.004391,-0.013014,-0.050865,-0.067856,0.049075,0.00941,-0.001018,0.019083,0.001762,0.010517,-0.043782,-0.014697,0.045799,-0.013586,-0.019929,-0.059073,0.016748,0.012857,0.02018,0.05063,-0.023123,-0.003376,-0.016832,-0.043986,0.047014,-0.031271,0.040338,0.012099,-0.056404,-0.014728,-0.01667,0.029428,-0.029552,0.002396,-0.025217,-0.013149,-0.012932,-0.008806,-0.0084,-0.044784,-0.005792,-0.021511,-0.024566,0.01784,0.019098,0.006257,-0.019873,-0.029821,0.001112,-0.005326,-0.0077,-0.007513,-0.002967,-0.00657,-0.00543,-0.011514,-0.013726,0.009134,-0.003874
2026-05-05,-0.05093,-0.004033,0.000391,-0.005698,-0.009596,0.009337,0.047189,0.00034,-0.012934,0.01853,0.009433,0.020974,-0.012315,0.009081,-0.00644,-0.018651,0.001867,0.018939,0.013815,0.027967,-0.049949,-0.022954,0.013247,-0.009584,-0.012811,0.019803,0.050073,0.073108,0.042047,0.015416,0.056649,0.026694,0.029956,0.027065,0.039296,0.006015,0.027423,0.014559,-0.040081,-0.004406,0.005145,0.02415,-0.010073,0.023885,0.011262,0.037401,0.039991,0.01747,-0.037723,0.01216,0.016227,0.115456,0.005408,0.009675,0.030245,0.021612,0.021343,0.034293,0.011449,0.01207,0.002336,0.003497,-0.016684,-0.00074,0.002427,-0.009019,0.003702,-0.037911,0.018457,0.009462,0.137517,-0.000785,0.013485,0.01794,0.004259,-0.008482,0.018203,-0.013717,0.016828,0.021199,-0.000335,0.016718,0.027345,0.006581,0.019384,0.005564,0.056297,0.007376,-0.127065,0.030488,0.002068,0.054395,0.001595,0.00998,0.018667,-0.013906,0.017194,0.028104,0.021803,0.005694,0.010526,0.012043,-0.002328,-0.005275,0.012148,0.01558,-0.013918,-0.005432,-0.003181,0.032703,0.021277,0.014912,0.056266,0.008263,-0.000566,0.055157,0.020941,0.009509,0.018957,-0.01684,0.007207,0.005892,0.024642,0.021391,0.021851,-0.004056,0.002969,0.006205,0.003931,0.000194,0.00204,0.008329,0.017225,0.00101,0.0
2026-05-06,0.046091,-0.018582,0.01435,0.019803,-0.02888,0.004944,0.029175,0.036355,-0.079762,-0.012315,-0.014029,-0.048093,0.105732,-0.008588,0.024492,-0.022397,-0.074539,0.013219,0.009454,-0.010725,0.025469,-0.016007,0.014197,0.026678,-0.0365,0.002388,-0.014511,-0.01994,-0.020832,-0.017913,0.005277,-0.025715,-0.072058,-0.008412,0.002815,0.000749,-0.038132,-0.002016,0.033267,-0.024719,0.007031,0.043275,-0.028778,0.034353,0.009652,0.001698,-0.002755,0.016071,0.065443,-0.043497,0.038061,0.04287,-0.054497,0.025799,0.010796,-0.021612,0.017214,0.010955,-0.006576,0.001903,-0.007119,0.003136,0.03408,0.015561,-0.00486,-0.003477,0.009511,0.004759,0.021382,0.032211,0.058352,0.007043,0.018203,0.014974,0.050347,-0.036658,-0.060813,0.009253,0.011475,-0.009735,0.03748,-0.044088,0.009222,-0.003995,-0.046467,-0.00417,0.06283,-0.007993,-0.032144,0.018679,0.064022,0.013969,0.006294,-0.048535,0.01751,0.011313,0.083888,0.028706,0.018665,0.038975,-0.043443,0.029732,0.008511,-0.011398,0.065384,0.010294,0.01055,-0.089082,0.143832,0.018319,0.0,-0.009939,-0.0217,0.010579,-0.005936,0.010267,-0.024682,0.001305,0.03117,0.027588,-0.068415,-3.6e-05,0.022798,0.034836,0.026219,0.014766,0.01513,0.002139,0.000688,0.004834,0.012822,0.02554,0.016933,-0.042084,-0.014336
2026-05-07,0.017858,0.026781,-0.033278,-0.109415,0.003774,-0.000617,-0.027303,-0.013686,-0.055286,-0.017541,-0.051681,-0.007526,-0.101158,0.009809,-0.002559,0.007896,-0.030615,0.001291,0.036442,-0.004085,-0.063926,-0.064653,0.002243,-0.00942,-0.034395,0.013741,-0.021622,-0.000275,0.023515,0.077365,-0.21837,-0.033577,-0.006425,0.004215,-0.000938,-0.00225,0.034789,-0.024271,0.005843,0.004516,0.002227,0.008435,0.005042,-0.024956,-0.007576,-0.084577,0.058269,-0.014955,-0.048968,0.006746,-0.04885,-0.015295,0.031767,-0.010104,0.003421,0.022583,-0.000461,-0.010287,-0.007668,0.017523,0.009264,0.007971,-0.009904,-0.016449,-0.00305,0.059134,-0.010149,-0.044329,-0.001629,-0.012233,-0.025672,0.003892,0.010467,0.015275,0.020401,-0.016235,0.035312,-0.058801,-0.006496,-0.005117,0.117389,-0.060052,-0.032633,0.043463,-0.013282,0.06456,-0.005647,-0.000618,0.010332,-0.004809,-0.001832,0.000298,0.003395,-0.020058,-0.044943,0.062232,-0.021869,0.000456,-0.019657,-0.034726,-0.007244,-0.01001,0.022849,-0.003445,0.005242,0.020157,0.00262,0.019081,0.002755,-0.037623,0.009168,0.006479,0.027703,-0.033666,0.00537,-0.050272,-0.021896,-0.057804,-0.01212,-0.104389,-0.001437,0.009779,-0.004123,-0.040673,-0.002002,0.000256,8.3e-05,-0.003091,-0.004688,-0.00561,-0.007628,-0.01636,-0.019459,-0.018593,-0.012991
2026-05-08,-0.061774,-0.051012,0.011478,0.018576,-0.015181,-0.012103,-0.010907,-0.027436,-0.018942,0.001423,0.02932,-0.056228,0.012747,-0.003912,0.014584,-0.031966,-0.040534,0.012181,-0.20578,0.00461,-0.055449,0.002674,0.016909,-0.015038,-0.008831,-0.019483,-0.005113,-0.0226,-5.8e-05,0.042677,0.027302,0.025719,0.029338,-0.001052,0.012121,0.006734,-0.009563,0.019989,-0.015165,-0.014416,-0.002227,-0.014263,-0.015309,-0.005969,-0.006022,0.044066,-0.27883,-0.001117,-0.064103,0.012102,0.01285,-0.036939,0.0137,-0.012947,-0.022682,-0.023577,0.027312,-0.015801,0.014071,-0.000187,0.000279,-0.008319,0.031111,0.010752,0.003659,-0.034297,-0.000128,0.006431,-0.009828,-0.003523,-0.002367,0.012864,-0.012536,0.028853,-0.054309,-0.013415,0.085484,0.031051,0.011111,-0.028357,0.105561,-0.02679,0.003523,0.036659,-0.010732,-0.006962,-0.001994,-0.00744,-0.004308,0.01368,0.004413,0.017443,-0.000701,0.019126,-0.007662,0.013729,-0.020248,-0.001826,-0.013742,0.103309,0.005274,-0.005737,-0.011359,-0.004997,-0.007873,0.001062,0.012999,0.011616,0.044545,0.009316,0.005202,-0.030225,-0.008887,-0.005017,-0.002939,-0.056337,-0.017608,-0.02896,0.017645,-0.016314,0.019732,0.034379,-0.022342,0.020022,0.03378,-0.003755,0.002666,0.002379,-0.008535,-0.006032,0.000225,-0.004608,0.00369,-0.004478,-0.008905
2026-05-11,-0.019745,0.03741,-0.000394,0.096425,0.018471,0.000624,-0.016202,-0.001366,0.031555,0.030307,0.120014,0.000761,-0.01287,-0.003436,-0.030425,-0.004651,0.019238,-0.015843,-0.013088,-0.008447,0.036645,-0.042235,-0.012562,-0.011148,0.02205,-0.010128,-0.036164,-0.052948,0.014802,0.027085,-0.039279,0.020737,0.041862,-0.014313,-0.017766,-0.002987,-0.004816,-0.018652,-0.097794,0.018911,-0.001594,-0.044258,0.00789,-0.02658,-0.003327,-0.019986,0.026306,-0.019747,-0.019604,0.019908,-0.046795,-0.039334,-0.053664,-0.013812,0.01514,-0.000995,-0.022248,-0.004075,-0.002437,-0.025926,-0.011143,0.006592,0.039953,0.01411,0.001217,-0.032171,0.003056,-0.033766,-0.007435,-0.036842,-0.079885,-0.017015,-0.019776,-0.040949,-0.032936,0.007167,-0.013361,-0.032727,-0.021249,-0.012391,0.021962,-0.005882,0.019587,-0.026694,-0.009968,0.015981,-0.001788,0.008674,-0.06154,-0.024064,0.01015,-0.029143,0.063006,0.021908,0.047677,-0.002731,-0.043742,-0.01288,-0.059069,-0.056371,-0.022383,-0.012678,-0.031724,-0.019849,-0.048945,0.000354,-0.001492,0.040931,0.015666,0.003694,-0.017005,-0.010175,-0.04264,-0.055905,-0.014461,-0.032335,-0.069984,-0.009404,0.014413,0.018469,0.028907,-0.006055,-0.000735,-0.026696,0.013356,-0.011698,-0.006929,-0.009669,-0.003141,-0.001172,0.003596,0.010567,0.012903,0.026049,0.009348
2026-05-12,0.006625,-0.015469,-0.005923,-0.011205,0.002344,-0.01509,0.007864,-0.007375,0.010571,-0.00296,-0.050268,0.01472,0.032288,0.003191,-0.007316,0.025318,-0.000706,-0.00954,0.050163,0.044458,-0.004309,-0.00767,-0.008588,-0.0181,0.019879,-0.011702,-0.009537,0.001364,-0.045561,0.007203,-0.046864,-0.002902,-0.014148,-0.000534,-0.003781,-0.005249,0.012791,-0.008784,0.00848,0.006837,-0.002555,-0.024848,-0.002796,-0.014252,-0.01199,0.010757,-0.036678,0.001139,-0.029622,0.009459,-0.035138,-0.009833,0.033321,-0.03395,0.012539,-0.005988,-0.000919,0.00102,-0.002268,0.00954,0.005259,-0.016034,-0.035141,-0.010163,0.000608,0.012503,0.017267,0.060365,-0.038027,-0.013361,-0.023897,0.003115,-0.007131,-0.013316,-0.02893,0.018484,0.002508,-0.011528,-0.02075,0.019665,-0.017839,0.000291,-0.009397,-0.032725,0.014752,0.020575,-0.006866,0.036346,-0.040947,-0.006983,0.010153,-0.023818,0.026123,0.000399,-0.020128,-0.027725,-0.020477,-0.000463,-0.021309,-0.002025,-0.063613,-0.003119,-0.002361,0.00314,-0.034014,0.012654,-0.023797,0.021929,0.028379,-0.013525,-0.034903,0.041148,-0.028625,0.027974,0.012756,-0.050552,-0.017816,0.004296,-0.011356,0.011771,-0.004079,-0.002342,-0.0059,-0.00618,-0.015181,0.00242,-0.009089,0.012753,0.019455,0.007785,0.000225,-0.00395,-0.002299,0.006972,0.001107
2026-05-13,-0.037374,-0.029469,-0.005162,0.033244,0.00932,-0.004126,-0.029471,-0.019293,-0.003241,0.008527,-0.019521,-0.003754,-0.054744,-0.00049,-0.029811,0.087011,-0.019972,-0.017805,-0.131828,0.007955,-0.011357,-0.001686,0.006231,0.000381,-0.003995,-0.001964,0.013326,-0.035233,-0.00012,0.029567,0.012235,0.00916,-0.016122,-0.049832,-0.008559,-0.008305,-0.039793,-0.032251,-0.035104,0.003401,-0.019048,-0.034341,-0.008122,-0.013304,-0.004713,0.001782,0.059039,-0.018961,-0.003929,-0.011926,-0.013049,-0.032131,0.054057,-0.00722,-0.036922,0.028616,-0.009234,0.058743,-0.013008,-0.013382,-0.007239,0.0,0.03375,0.021652,-0.010382,-0.031337,0.00287,0.074016,0.005155,-0.008852,-0.007388,0.001295,-0.007377,0.010136,-0.041777,0.023334,0.04118,0.01988,-0.015322,-0.00236,-0.029752,-0.046652,0.010862,-0.010937,-0.015302,0.055409,0.012115,-0.012571,-0.04465,0.0021,0.008383,-0.017614,0.005229,-0.020793,0.010276,-0.016507,0.023282,-0.00139,-0.197374,-0.067064,-0.077955,-0.021184,0.004717,-0.011429,-0.029427,-0.008418,0.007616,-0.005758,-0.028091,0.018218,0.026956,0.025616,0.005062,0.006773,-0.015747,0.025596,-0.03123,0.014072,0.002177,-0.007475,-0.012296,0.032158,0.010668,-0.070341,0.009374,0.007738,0.003629,0.00331,0.005879,-0.011505,-0.008334,-0.004196,-0.001535,0.001042,-0.011574
2026-05-14,0.003801,0.061652,-0.018076,-0.067631,0.008314,-0.002548,0.001376,0.017225,0.00378,-0.020889,0.056328,0.057012,0.009168,0.00903,0.020678,-0.00313,0.029461,0.052701,0.037413,-0.019046,-0.000538,0.079134,0.008412,0.002659,0.013284,-0.011367,0.045109,-0.023171,-0.021927,0.030426,0.012088,-0.0006,-0.021808,0.002243,0.002861,-0.006084,0.002752,0.03372,0.031685,0.024253,-0.003265,0.001647,0.016947,0.0137,0.009506,0.017643,-0.019852,0.00636,-0.027676,0.009657,-0.021516,0.040985,0.001928,0.00722,0.009242,0.00582,-0.000928,0.03279,-0.011746,0.016226,-0.035924,0.000702,0.007859,-0.004723,-0.002459,-0.00437,0.002365,-0.018905,-0.012069,0.00187,0.025106,-0.007796,-0.013141,0.038526,0.002778,0.012088,-0.015397,-0.009471,0.005187,0.001225,-0.023316,0.027391,0.002193,0.035797,0.018551,0.015325,-0.014343,0.012571,0.012103,-0.0021,0.009968,0.039922,0.020803,-0.001806,0.008187,0.054315,0.004456,0.004397,-0.000997,0.031297,0.015881,0.012683,-0.010248,0.000522,0.00677,0.009117,-0.005325,0.006396,-0.014493,-0.010175,0.128365,0.011257,0.005036,0.013085,-0.011045,-0.039269,-0.003912,-0.014191,0.005812,-0.02606,0.002741,-0.007448,0.01795,0.017771,0.014873,0.002993,-0.000421,0.003064,-0.000545,0.005866,-0.006809,0.005113,-0.00752,0.007606,0.005136
2026-05-15,-0.026914,-0.02624,-0.034643,-0.035612,0.010979,-0.024206,-0.037642,-0.034395,0.049162,-0.015086,-0.053346,-0.001066,-0.045657,-0.01839,-0.007082,-0.059189,-0.002802,-0.04277,-0.046988,-0.014591,0.009101,0.021734,-0.010401,-0.015291,0.028505,-0.005482,-0.003622,-0.053373,-0.019408,0.024072,-0.03671,-0.013172,0.023285,-0.011835,-0.019231,-0.010736,0.009662,-0.001347,0.017159,0.0,-0.012173,-0.028594,-0.000103,-0.037558,-0.022947,-0.019425,-0.01685,-0.01627,-0.027354,-0.003325,-0.000926,-0.057447,-0.014637,-0.02035,-0.008538,0.009625,-0.007456,-0.129816,-0.011161,-0.015457,0.003612,-0.019501,-0.04257,-0.041599,-0.015504,-0.001403,0.004589,-0.05048,-0.001736,-0.020288,-0.036291,-0.011018,0.010019,-0.018037,0.001155,0.009347,-0.020075,-0.009279,-0.044297,-0.003327,-0.039828,-0.052654,-0.025356,0.020999,0.001621,-0.029444,-0.031838,-0.041293,-0.004737,-0.014826,-0.008508,-0.02339,-0.011797,0.026978,-0.013019,0.015328,-0.019366,-0.012919,-0.059233,-0.067344,0.042295,-0.032539,-0.054552,0.003204,-0.033134,0.030857,-0.014986,0.038153,-0.087197,-0.023017,0.031091,0.004083,0.020169,-0.012591,-0.015908,-0.095811,0.035615,-0.018998,-0.045384,-0.03356,0.024098,0.015648,-0.041646,-0.007414,-0.018215,-0.008834,-0.018198,-0.004009,-0.010489,-0.003711,-0.015607,-0.017982,-0.026872,0.023318,-0.023207
2026-05-18,-0.009397,-0.021655,0.002515,-0.018293,0.013557,0.040966,0.012773,0.012244,0.029574,-0.007033,-0.061407,0.012721,-0.010259,0.019118,0.028033,-0.005559,0.009078,-0.010596,0.037104,0.009451,-0.025912,-0.040768,-0.007371,0.032964,0.017251,0.016357,0.0,-0.006118,0.003563,0.040817,-0.043769,-0.013841,0.018998,0.01519,0.029653,0.001541,0.01244,-0.01084,-0.028216,0.005846,0.022907,-0.006454,0.018039,0.010069,0.013749,-0.002142,-0.023207,0.01049,0.033809,-0.004569,0.014713,0.0,0.017435,-0.000735,0.005388,0.051341,0.02266,-0.099043,0.02273,0.012992,-0.011763,0.028936,0.041879,-0.00015,0.016119,-0.027209,0.004691,0.053354,0.045848,-0.000954,0.025907,0.013624,-0.019142,0.04026,0.036953,0.008583,0.004094,0.013468,0.033896,-0.009075,-0.037371,-0.018239,-0.002381,0.050302,-0.0356,-0.017488,-0.009586,-0.017511,0.033326,0.026668,0.00177,-0.010418,0.009919,0.027459,-0.062927,0.018797,-0.030029,0.017343,-0.003534,-0.023495,-0.009054,0.019341,0.008333,0.026437,-0.027348,0.015637,0.010016,0.01764,-0.021575,-0.003319,0.056213,0.02084,0.011963,0.015188,0.028895,0.099559,0.051601,-0.004014,-0.018175,-0.002278,0.030556,0.025678,0.017272,-0.007469,-0.010838,0.007723,-0.001804,0.014777,0.004264,0.012447,0.011957,-0.003799,-0.001592,0.018998,0.001594
2026-05-19,0.019479,0.013723,-0.016034,0.009188,0.004031,-0.00566,-0.027572,-0.013316,0.018752,-0.005264,0.023162,0.011173,-0.046482,0.005464,0.024069,-0.022549,0.025057,-0.017462,-0.009315,0.012294,0.032287,-0.009273,-0.034183,-0.019952,0.004566,-0.006412,-0.031702,0.016537,0.005351,-0.003156,-0.033614,-0.026115,-0.005807,-0.01746,-0.00947,-0.016298,-0.026141,-0.002729,-0.03487,0.008579,0.008376,-0.0414,0.024482,0.016393,-0.020748,-0.022773,-0.001741,-0.006981,-0.040208,-0.020102,0.008634,-0.010428,-0.007535,-0.03972,-0.006916,0.005445,-0.003665,0.036563,-0.002835,0.009447,-0.010706,-0.003135,0.003909,-0.042475,0.014652,0.025804,0.008828,-0.030828,0.008264,-0.008625,-0.037219,0.004673,-0.005394,-0.013072,-0.080377,0.003791,-0.032867,-0.014882,-0.00557,0.008022,-0.012379,-0.014366,-0.021196,-0.015515,-0.020226,0.01108,-0.017085,0.034721,-0.011126,-0.011142,-0.023682,-0.061729,0.000365,0.014247,-0.012386,-0.010053,-0.02157,-0.010276,-0.053065,-0.028785,0.045883,-0.021864,-0.004992,0.015073,0.002566,-0.014051,-0.001534,0.034083,-0.036802,-0.023057,0.022258,0.014359,-0.018549,0.030644,0.014425,-0.056425,-0.051128,-0.009798,-0.03279,-0.027748,0.015735,-0.00616,-0.015027,-0.039405,-0.006444,-0.009707,-0.011152,0.002209,0.01092,-0.012447,0.004333,-0.011841,-0.023777,0.011652,0.009062
2026-05-20,0.074328,0.02749,0.024786,0.006079,-0.013049,0.015334,0.034799,0.012963,-0.039641,-0.008882,0.049497,0.00692,0.047683,0.005848,0.028105,-0.003427,-0.011935,0.023657,0.048281,-0.003953,0.01132,0.069176,0.003497,0.004174,-0.022226,-0.010445,0.030249,0.023343,0.029774,0.052467,0.018814,-0.002408,-0.025363,0.040094,0.023508,0.007018,0.043195,0.001489,-0.043594,-0.010355,0.004481,0.068961,-0.020427,0.001849,0.017663,0.019193,0.058368,0.023653,0.04128,-0.00342,0.020157,0.030962,0.046568,0.04777,-0.004126,0.0,0.023136,0.028902,0.009889,-0.008308,0.003581,0.017638,0.038497,0.045164,0.012048,0.02738,-0.004527,0.024009,-0.023315,0.026592,0.038783,0.01005,-0.006028,-0.01222,0.034842,-0.009095,0.005127,0.017943,0.04513,-0.016734,0.058459,0.07975,0.017613,0.038233,0.034221,0.009301,0.021283,-0.006112,0.003582,0.044513,0.007851,0.047245,-0.015466,-0.016809,-0.005899,0.039023,0.026703,0.020447,0.07685,0.073036,0.021371,0.036281,0.027151,0.000384,0.057533,0.009912,0.037669,0.014176,0.037453,0.021831,0.047092,0.011701,0.023671,-0.039353,-0.016998,0.052678,-0.006638,-0.001601,0.039404,0.040212,-0.03428,0.001222,0.02145,0.059389,0.022262,0.002156,0.024983,-0.006643,-0.001291,0.010899,0.01109,0.011724,0.013771,-0.024611,0.003827
2026-05-21,-0.006468,0.000893,0.005792,0.023953,-0.012304,-0.002799,0.009752,0.008608,-0.02524,0.003452,0.087355,-0.006226,0.004659,-0.005848,0.002784,-0.043256,-0.020798,0.002203,0.015171,-0.017271,0.031628,0.015484,0.009523,0.007168,-0.014903,0.002497,0.004713,0.017975,0.003668,-0.002896,0.02245,0.003041,-0.050225,0.004515,0.001857,0.011742,-0.014014,0.011467,0.046233,0.002029,0.002233,0.007596,-0.012829,-0.005609,-0.004335,-0.010456,0.021943,-0.003427,0.031891,-0.058474,-0.002664,0.020121,0.039182,-0.003651,0.009288,-0.009091,0.004921,0.064356,0.011704,-0.000949,0.014296,-0.004811,0.009233,0.001491,0.005375,0.007408,-0.004671,-0.00702,0.030695,0.019031,0.035325,-0.00439,-0.003432,0.025792,0.001629,0.005169,-0.005494,-0.009211,0.003136,0.006851,-0.00028,0.021706,0.003406,0.004482,0.009987,0.01581,-0.005417,0.007939,-0.024703,-0.0047,0.005795,0.049651,-0.000902,-0.029941,0.009784,-0.031898,0.025011,-0.005535,0.002761,0.017455,-0.030097,0.007081,0.071263,0.003063,0.036022,0.016342,0.069264,-0.04585,-0.016069,0.015387,-0.016129,-0.025167,0.000269,0.030749,0.003884,-0.013863,0.012293,0.001478,0.013911,0.016751,-0.046518,0.009623,-0.002198,0.012918,0.008208,0.0,0.006423,-0.010107,0.006909,0.001354,0.001574,-0.001172,0.006016,-0.011267,0.010949
2026-05-22,0.000721,-0.029609,0.021629,-0.011905,0.016372,0.004971,-0.010753,0.001922,0.011926,-0.002484,-0.01742,-0.018561,-0.036791,0.013351,0.007819,-0.009604,-0.009148,-0.001542,-0.024771,0.001169,0.057535,-0.030634,-0.020966,-0.006411,-0.000747,0.026091,0.00325,0.009024,0.026941,0.023223,0.000662,0.006557,0.018977,-0.021629,-0.006515,-0.010168,-0.034715,-0.016938,-0.00415,0.004046,-0.001595,0.007104,0.00358,0.001505,0.016414,0.007223,0.008006,0.002856,-0.009382,0.000955,-0.023848,0.012865,0.055731,0.013082,-0.017948,-0.023096,-0.00134,0.009882,0.009507,0.003978,0.002542,0.008916,0.066451,-0.004629,0.00416,-0.011176,0.003812,-0.018548,-0.004914,0.012337,0.03412,-0.004149,-0.000405,-0.001499,-0.005831,0.002574,-0.023224,0.003918,0.005464,0.019582,-0.008429,0.005317,0.024257,0.030826,0.029483,-0.003142,0.00729,0.003037,0.010083,-0.005398,-0.016419,0.023267,0.002808,0.020698,0.009067,0.027403,-0.016344,0.007832,-0.008655,-0.005785,0.030786,0.016891,0.005277,0.006857,0.002576,0.00011,-0.003455,0.015518,-0.017676,0.034716,0.014127,0.009461,-0.012443,-0.004369,0.002981,-0.049425,0.0504,-0.009523,0.024263,0.017564,0.024056,0.013216,0.010941,-0.063349,0.009972,-0.005528,0.004036,0.001652,0.011677,0.004051,0.001347,0.007245,0.005383,0.00607,0.007748
2026-05-26,0.017851,0.060246,0.008442,0.02367,-0.014997,-0.007153,0.029588,0.018165,-0.034079,0.000449,-0.006059,0.018214,0.041296,0.000723,0.025472,0.021481,-0.043713,0.014225,-0.001931,-0.013202,-0.003178,-0.029141,0.005478,0.032387,-0.032826,-0.022109,-0.013428,-0.022523,0.04081,0.01212,0.036415,-0.005925,-0.024331,0.00115,0.032157,0.021774,-0.009664,0.016693,0.022985,-0.031529,0.00255,0.028978,-0.035226,0.035128,0.023829,0.000719,0.020522,0.005688,0.005484,-0.010367,-0.002279,0.01173,0.020404,0.009342,0.103476,-0.033257,0.032098,-0.037662,-0.008812,-0.014279,0.008653,0.003748,0.026668,0.019268,-0.013135,-0.018268,-0.012598,-0.05516,-0.001643,0.045281,0.038154,0.00725,0.006453,-0.014099,-0.010109,-0.020921,0.019545,0.004181,0.008681,-0.006368,0.018729,0.019995,0.035109,0.016878,-0.010017,0.041247,0.021017,-0.004254,0.015041,0.022744,0.002986,0.013036,-0.040273,-0.021675,0.025574,0.025502,0.044336,0.000917,0.039542,0.017967,-0.023,0.019628,-0.011342,-0.003613,0.02946,-0.014437,0.025292,-0.060421,0.03926,0.042655,-0.025369,-0.011057,-0.0661,-0.001354,-0.001882,0.101353,-0.008977,0.010262,0.027725,0.020464,-0.022564,-0.010181,0.009566,0.023503,0.025991,0.000779,0.002263,-0.013893,-0.00925,-0.001734,0.003361,0.014622,0.013823,-0.027955,-0.000441
2026-05-27,-0.020737,0.016749,0.020603,0.005831,-0.024567,0.001248,0.031566,-0.005501,-0.023746,-0.013453,-0.015591,-0.048356,-0.011702,0.005047,0.020664,0.073939,-0.021273,-0.000217,-0.009062,0.000395,-0.008564,-0.002162,-0.000651,-0.004405,-0.01243,0.018214,-0.016578,0.048325,-0.026771,-0.03978,-0.009625,0.010064,0.010991,-0.028565,0.008104,0.003839,-0.007008,0.003672,0.057959,-0.010734,-0.004467,-0.007539,-0.020408,0.038837,0.005054,0.005022,-0.00627,-0.004548,-0.001042,-0.030169,-0.010553,0.050224,0.004776,0.013499,0.040942,-0.019513,0.015883,0.030516,0.006401,0.005355,0.006369,0.00034,0.024226,0.02379,-0.009055,-0.0271,0.014314,0.04607,-0.005773,0.014649,0.054633,-0.009852,0.025991,0.119359,0.05851,-0.003599,-0.013174,0.004164,0.025599,0.005759,0.012385,-0.017455,0.025394,-0.047033,-0.016958,0.004376,0.015051,0.006677,-0.014401,0.024176,0.028242,0.007683,0.002805,0.004304,-0.011601,-0.037284,0.027485,0.010944,0.0228,0.016249,-0.02258,0.022961,0.006821,0.017188,-0.010645,-0.004597,0.001349,-0.037172,-0.039596,0.030393,-0.004119,-0.022814,0.049634,0.022857,-0.001571,0.016727,0.004947,0.013318,0.010064,-0.030305,-0.004608,-0.037215,0.007338,-0.004948,-0.003842,0.006126,0.017428,0.011296,0.001884,-0.008328,-0.001791,0.0,0.003719,-0.014978,-0.0042
2026-05-28,0.093074,0.035698,0.001567,-0.002911,-0.007064,-0.00281,-0.004341,-0.006746,-0.002461,-0.007306,-0.001123,0.023047,0.01487,-0.010363,0.14673,-0.002195,0.004516,0.00152,0.080543,0.006032,0.057549,-0.023106,0.013959,0.005522,-0.001217,0.014528,-0.012334,0.097524,0.004254,0.038961,-0.011347,0.008848,0.04876,-0.033677,0.001792,-0.001534,-0.061846,-0.019119,0.000697,-0.012982,-0.007705,-0.008671,0.010203,0.019461,-0.020675,-0.012601,-0.036834,0.00057,-0.01312,-0.019278,0.0,0.062688,-0.001788,-0.004243,0.075551,0.001969,-0.008554,0.080358,-0.012668,0.030431,-0.00724,-0.001021,-0.002533,0.014798,-0.003037,0.037185,-0.014936,0.036176,0.009877,0.014438,0.018003,-0.014699,0.000979,-0.100771,0.053375,-0.001943,-0.033039,0.007176,-0.01287,-0.006197,-0.031678,-0.00363,0.011417,0.056687,0.025277,-0.014494,-0.005671,-0.014625,0.01398,0.003866,0.006295,0.011344,-0.019246,0.011841,-0.00481,0.066284,0.021997,0.002265,0.023568,0.009069,0.006231,0.015269,0.067179,-0.0113,0.045027,-0.019288,0.006718,0.017155,0.014701,0.00975,0.011288,0.005509,-0.099108,0.00249,-0.009478,0.13646,-0.052498,-0.015165,0.010804,0.048267,0.018591,0.001656,0.003738,-0.010266,0.013036,0.00352,0.004187,-0.001775,0.013949,-0.002921,-0.004942,-0.002873,0.003511,-0.000702,-0.011363
2026-05-29,-0.002637,0.008865,-0.01142,-0.020619,-0.009497,0.00281,0.028344,-0.015743,-0.002741,-0.017892,-0.00733,-0.015065,0.018153,0.004592,0.042052,-0.0211,-0.003385,-0.010691,0.002995,-0.023412,0.005474,0.014936,-0.017741,0.027518,-0.008822,0.014794,0.015302,-0.00348,-0.025446,0.085644,0.00228,-0.029207,-0.011969,-0.001837,-0.016246,0.004594,-0.019092,-0.004618,-0.024693,-0.019115,-0.014608,-0.006256,-0.006539,0.010088,-0.007191,0.004338,-0.041638,-0.004566,-0.049266,0.008681,-0.023333,-0.022828,0.01142,0.0,-0.100929,0.004904,-0.01297,-0.023921,0.009905,0.020329,-0.017298,-0.004435,0.010093,-0.017526,-0.012856,-0.014902,-0.017564,-0.135746,0.024273,-0.022166,-0.001306,-0.0109,-0.010622,0.044776,-0.012544,-0.033772,0.021769,-0.006346,-0.005808,-0.020163,-0.050372,-0.025187,0.002804,0.263452,-0.021797,-0.003274,-0.02907,0.003065,0.040199,-0.019481,0.010031,0.007539,-0.006686,-0.004708,-0.025483,0.111697,0.011804,-0.019649,-0.002236,0.00761,0.034053,-0.008831,0.070874,-0.021827,0.004588,-0.008629,-0.011787,-0.014547,0.034874,-0.002304,0.006104,-0.008291,0.144546,-0.012357,-0.00245,-0.040719,0.0192,0.008589,-0.006992,-0.001048,-0.000122,-0.037011,0.008491,-0.017247,0.022072,-0.008435,-0.009797,-0.018167,-0.009389,0.006028,-0.009502,-0.003862,-0.004097,-0.011657,-0.004716
2026-06-01,0.005267,-0.010098,0.003558,-0.04256,-0.006222,0.006215,-0.011093,-0.016712,0.035593,0.000969,-0.026959,-0.043959,-0.066482,-0.023668,-0.038846,-0.038907,0.000753,-0.00594,-0.01628,0.005605,-0.037548,-0.077587,0.005602,0.10275,0.01394,-0.001422,-0.016054,0.007498,-0.013149,0.067659,-0.017061,-0.005392,0.049907,0.020019,0.0,-0.00921,0.029018,-0.017289,-0.045857,0.011351,-0.022153,-0.021875,-0.009618,-0.000769,-0.009601,-0.017835,-0.001702,-0.014514,-0.018483,0.021781,0.008463,-0.00445,-0.008739,-0.007112,0.116772,0.006826,0.008666,0.000645,-0.015158,0.014578,0.003051,-0.005141,-0.079769,0.033916,-0.023061,-0.042415,-0.004694,-0.069303,-0.030023,-0.000862,0.000436,-0.031774,0.052015,0.037828,0.012333,-0.013456,0.008839,0.017287,0.050511,-0.020396,-0.057752,-0.034987,0.005942,0.125764,0.034357,-0.004528,-0.00332,-0.011696,0.109736,0.032896,-0.006129,-0.031098,-0.02697,0.024487,-0.034666,0.078721,0.01541,-0.014409,-0.020026,-0.023006,0.125475,-0.012821,0.038715,0.007713,-0.029849,-0.004865,-0.016394,0.061869,-0.04588,0.00552,0.022067,-0.018626,0.04498,-0.026798,-0.004222,0.019406,0.074174,-0.007604,0.001991,-0.054941,0.030967,0.038529,0.003692,-0.004208,0.024511,-0.000692,-0.022422,-0.010671,-0.010965,-0.002912,-0.016503,-0.004225,-0.004507,0.017784,-0.030167
2026-06-02,-0.005927,-0.026405,-0.012309,-0.070769,0.018078,-0.006215,0.010357,0.017416,0.001588,0.001433,-0.064849,-0.023692,-0.060728,0.03279,-0.02978,-0.027204,0.007128,0.00594,0.004246,-0.008151,0.017675,-0.296395,0.009182,-0.013955,0.011099,-0.004279,0.017904,-0.040806,0.017083,-0.017046,0.014781,-0.001417,0.02097,-0.011477,0.017141,-0.00774,-0.008679,-0.006001,-0.028636,0.013348,0.00766,-0.006657,-0.00599,-0.012429,0.025633,0.009139,-0.02676,0.016242,-0.025477,0.017634,-0.020814,-0.040971,-0.012726,-0.002144,0.037228,0.009671,0.020073,-0.047903,0.012041,-0.010056,-0.006211,-0.007935,0.036756,-0.056742,-0.001262,-0.034195,-0.002929,0.018468,0.005749,-0.013901,-0.011389,-0.008313,-0.039439,-0.006437,-0.010195,0.008557,-0.046172,-0.039961,-0.007313,-0.00778,-0.00252,0.030727,0.027338,-0.032499,-0.016391,0.056011,0.004865,0.025674,-0.046891,0.011357,-0.014242,0.007353,0.005775,0.01279,0.026668,-0.032739,0.006036,0.009783,0.013288,-0.010635,-0.055678,0.004768,-0.055968,-0.008875,0.036805,-0.000813,-0.009341,0.00823,-0.000335,0.036852,-0.028171,-0.020785,-0.041813,-0.004293,0.01113,-0.015966,-0.095741,-0.006298,0.04752,-0.032642,0.022476,0.002761,0.011516,-0.024391,0.012438,-0.017803,-0.005089,-0.002441,-0.009788,0.000583,0.005072,0.010329,0.011714,0.011453,0.018391
2026-06-03,0.054623,-0.069083,-0.003201,0.045611,0.002825,0.004975,-0.009242,-0.000529,0.013659,0.010613,-0.089496,0.013062,-0.057625,-0.01857,-0.014532,-0.01085,0.006335,-0.03823,-0.065023,0.010942,0.008549,-0.02739,0.000129,-0.028507,0.018481,0.0,-0.041515,0.028649,0.047388,-0.028145,-0.009171,0.002961,-0.004215,-0.004262,0.00713,-0.006235,-0.011061,-0.001025,0.000192,0.007398,-0.01437,-0.008496,-0.005148,0.000962,-0.0139,-0.05883,0.046162,-0.017998,-0.062202,0.003683,0.058485,0.004636,-0.00741,-0.002148,-0.040716,-0.029299,0.008421,-0.023974,-0.027255,-0.025221,-0.002178,0.003803,-0.012783,0.033975,0.024323,-0.00895,0.004454,-0.052787,-0.039253,-0.010554,-0.043211,-0.02479,-0.006858,-0.026643,-0.053723,0.015193,0.055305,-0.028721,-0.014938,-0.016865,0.012535,0.001871,-0.002828,-0.082133,-0.031959,0.004282,-0.00011,0.016757,-0.039676,0.008745,0.003424,0.001025,0.013044,0.011546,0.013519,-0.035482,-0.010005,-0.001392,-0.043092,-0.080875,-0.053145,-0.01254,-0.00067,-0.003883,-0.030576,-0.006295,-0.024276,0.040166,-0.031348,0.013613,-0.037426,0.005779,0.034964,0.013066,-0.039867,-0.079238,-0.025926,0.02978,-0.006072,0.003427,0.012276,-0.00111,-0.012043,-0.03774,-0.01004,-0.013207,-0.00734,0.004025,0.007825,-0.011531,0.00046,-0.000804,0.002133,0.012857,-0.004337
2026-06-04,0.122843,0.036012,-0.000401,0.174863,0.014469,0.020872,0.009426,0.004923,-0.002874,0.002053,0.018818,0.040028,0.04013,0.012819,-0.01037,0.026317,0.004078,0.026314,0.110001,-0.011882,0.016769,0.03881,-0.001933,0.035346,0.001511,0.02633,0.01795,0.032383,-0.018447,-0.038895,0.026625,-0.00438,-0.050834,-0.009194,0.024563,0.017055,-0.003153,0.032662,-0.010635,0.004989,-0.001347,-0.008569,0.025263,-0.004541,-0.005186,0.047485,-0.022815,0.032846,0.027391,-0.005238,0.00405,-0.015851,0.058515,0.016353,0.000472,0.006914,0.024846,-0.001387,0.007989,0.028104,-0.014374,0.017106,0.061381,0.010745,0.01892,0.026333,-0.02494,0.048018,-0.009414,-0.003987,0.020488,-0.005721,-0.002559,0.069088,0.017419,0.004258,0.010703,0.012739,0.015965,-0.005059,0.01729,-0.00277,0.0175,-0.009431,-0.00707,-0.018432,-0.052077,-0.001782,0.000987,0.046181,-0.027408,0.007873,-0.005414,-0.002928,0.004879,-0.031448,0.023668,0.006478,0.016006,0.022164,0.001364,0.003462,0.059797,0.028009,0.016961,0.00583,-0.010381,-0.00967,0.019538,0.006232,-0.006376,0.020832,-0.028135,-0.007641,-0.024717,0.14866,0.022603,-0.011611,-0.011023,0.042417,-0.009994,-0.011136,0.013257,0.002561,-0.015717,0.009148,0.00453,-0.001462,0.03024,0.025618,0.020249,0.01205,-0.000194,0.000681,0.005248
2026-06-05,-0.067493,-0.076978,0.004401,-0.054959,-0.002784,0.010576,-0.014453,0.003327,-0.044131,-0.001769,-0.076056,-0.006253,-0.101612,0.019279,0.007718,-0.007109,-0.040776,-0.010039,-0.046796,0.015855,-5.7e-05,-0.046371,0.04044,0.01354,-0.017685,0.006014,0.016517,-0.024243,-0.066077,-0.069188,-0.044889,-0.005567,-0.017938,0.024933,0.006047,-0.010819,0.00504,0.010613,-0.03703,-0.009738,0.020021,-0.004085,-0.014342,-0.022222,0.004882,0.023282,0.014425,0.002831,-0.054918,-0.014499,-0.021331,-0.009443,0.020266,-0.007788,-0.058409,0.028144,0.006929,-0.024953,0.015442,0.009136,0.005215,0.018818,-0.094811,-0.059535,0.004825,0.007008,0.03404,-0.095421,0.011116,0.0,-0.024175,0.033567,-0.009507,-0.030067,-0.0242,0.022271,0.011498,-0.00983,0.002051,0.017761,-0.035835,-0.031916,-0.030544,-0.039311,-0.046404,-0.017349,-0.010866,0.017095,-0.04292,0.002965,0.033398,-0.041512,0.018683,-0.005773,-0.034028,-0.047745,-0.046338,0.035346,0.031904,-0.04483,-0.040321,0.007555,-0.097331,0.016511,-0.041393,0.029555,-0.028469,-0.052906,-0.097247,-0.030625,-0.009641,0.014666,0.031438,-0.010389,0.006082,0.161417,-0.052721,0.028897,-0.036283,-0.056195,-0.011775,0.003839,-0.006955,-0.019368,-0.068949,-0.012813,-0.02068,0.016921,0.006097,0.002105,0.006734,-0.011304,-0.019365,-0.018554,0.009288
2026-06-08,-0.011905,0.028669,0.028337,0.180436,-0.008868,-0.015143,-0.05328,0.00227,0.02937,-0.019961,0.088626,-0.006664,-0.02889,-0.00995,0.036103,0.002375,-0.005022,-0.008331,-0.021453,0.00908,0.012982,-0.009675,0.00198,0.00702,0.014829,-0.008802,0.010002,0.027736,0.007635,-0.018394,0.005348,-0.015305,0.005115,-0.012693,0.0,-0.010938,0.002301,-0.014342,0.053228,-0.007699,-0.008293,-0.000341,-0.018084,-0.028273,0.015404,-0.008305,-0.024735,0.00113,0.005693,0.001578,0.020881,-0.001899,0.049271,0.002839,-0.010261,-0.021277,-0.007338,0.012379,-0.021828,-0.017811,-0.003206,-0.022216,0.002531,-0.018073,0.003004,-0.008127,0.000755,0.004037,0.004243,0.02195,-0.012544,-0.011719,0.010689,0.007715,-0.055732,-0.012546,0.050939,-0.006705,-0.001318,0.014793,-0.018249,-0.011599,-0.003899,-0.015877,0.030986,-0.025538,-0.000588,-0.037516,-0.024173,-0.002965,0.002571,0.024227,-0.012586,0.001855,-0.001872,-0.023151,-0.028988,-0.000445,-0.037543,-0.024001,-0.034154,-0.00334,0.00139,-0.023344,0.015133,-0.00816,0.015795,0.011809,-0.004499,-0.004853,0.074646,-0.013604,0.004556,0.011357,0.001851,0.101948,-0.026411,0.025439,0.025054,-0.023393,0.009996,-0.03981,0.009205,-0.005229,0.021291,-0.005207,0.004604,-0.004444,-0.002355,-0.00633,-0.015102,-0.003163,-0.013322,0.011379,-0.018892
2026-06-09,0.03876,-0.005361,0.014638,-0.019048,-0.003287,0.021136,0.036529,0.032604,-0.028277,0.022189,-0.068007,0.014017,-0.028171,0.001428,0.012727,-0.011933,-0.012863,0.028529,0.049557,0.01753,0.012429,0.057343,0.021885,0.017962,-0.017821,0.029346,0.016813,0.018125,-0.009644,-0.021263,-0.016468,-0.011268,-0.059987,0.016888,0.007722,0.017906,0.024565,0.027877,0.062828,-0.004541,0.011262,0.006349,-0.018304,0.049943,0.02506,0.023294,0.006885,0.018462,0.031354,-0.000788,0.000898,0.025342,0.049883,0.040964,-0.043712,0.037414,0.001227,0.007703,0.025478,0.019974,0.019673,0.014194,-0.051426,0.037875,0.014886,0.05973,0.022378,-0.025917,-0.005945,0.023177,0.040317,0.027133,0.016791,0.02191,-0.016198,0.00378,0.042207,0.015383,0.054884,0.00959,-0.018589,0.017465,0.003624,0.026267,0.005614,0.012452,0.032498,0.00605,-0.03586,0.014736,0.024249,0.026104,0.013708,-0.024393,-0.002684,0.000139,0.037027,0.025507,0.029501,0.065044,-0.041464,0.026414,0.008299,0.015873,0.025569,0.026725,0.006176,-0.040668,-0.034018,0.009683,0.037259,0.040555,-0.002022,0.021072,0.005756,-0.118264,0.023399,0.02795,-0.009091,0.007076,-0.018002,0.001692,0.008265,0.024597,-0.018688,0.003505,0.004151,0.012323,0.012499,0.009384,0.021124,0.011282,0.016083,-0.016247,0.010514
2026-06-10,-0.016846,-0.035964,-0.040981,-0.004819,0.01076,-0.007497,-0.042254,-0.034525,0.037265,-0.023129,0.015363,0.007663,-0.067992,0.007815,0.006898,-0.01695,0.012476,-0.019974,0.011724,0.017607,0.029825,-0.048121,0.030724,0.031661,0.026447,0.033329,-0.014972,-0.01893,-0.038521,0.004348,-0.045762,-0.007359,-0.007356,-0.007203,-0.005141,-0.015552,0.003257,-0.029123,0.043068,0.013826,0.014064,-0.0649,-0.002481,-0.019463,-0.029667,0.014419,-0.015558,0.003873,-0.031354,0.002364,0.006264,-0.043567,0.001143,-0.040964,0.005898,0.018657,-0.02148,0.026163,0.001907,-0.011287,0.008816,-0.003025,0.011245,-0.016078,0.00354,0.000966,0.027286,-0.053068,0.003401,-0.026657,-0.016754,0.019744,-0.016397,0.010121,-0.049205,0.021702,0.023204,-0.010714,-0.021452,-0.005926,-0.035174,-0.074333,-0.015174,-0.042922,-0.019787,-0.010842,-0.049331,0.008408,-0.049293,0.008158,0.009776,-0.043543,0.02468,0.015081,-0.061127,-0.005872,-0.049121,0.018073,-0.030832,-0.049777,-0.012317,-0.029574,-0.025812,0.005981,-0.009614,0.012005,-0.000725,0.054778,-0.04615,-0.005426,-0.022385,-0.016601,0.015317,0.010763,0.033372,-0.004338,-0.03063,0.010366,-0.013921,-0.031029,0.016453,0.014686,-0.014334,-0.032919,-0.023168,-0.004225,-0.020754,0.016393,-0.01119,-0.004394,0.000445,-0.034412,-0.023315,0.014874,0.000455
2026-06-11,0.092804,0.056937,0.029056,0.019139,-0.006068,-0.006645,0.035399,0.024855,-0.032632,0.005806,0.010341,0.032192,0.059719,-0.009005,0.019118,0.037152,-0.05005,0.009371,0.047791,0.010067,0.01477,0.014067,0.051317,0.028633,-0.038767,-0.006577,0.036841,0.009456,0.031549,0.065417,0.053189,0.005358,-0.024701,0.003008,0.017036,0.010912,0.011318,0.002988,0.043104,-0.015702,-0.014393,0.072444,-0.016853,0.01799,0.025175,-0.001398,-0.017575,0.00989,0.05342,-0.005524,-0.010762,0.028628,0.013112,0.041644,-0.012788,0.006449,0.016153,0.04127,-0.019408,-0.008323,-0.016123,-0.00879,0.090094,0.012266,-0.014833,-0.011209,-0.012762,0.077776,0.021,0.054686,0.054644,-0.014024,-0.003944,0.029763,0.066361,-0.023801,0.022993,0.006384,0.042046,0.000914,0.031216,0.024965,0.040718,0.022202,0.026037,-0.002051,0.024445,0.004178,-0.03126,0.028606,0.032425,0.04239,-0.011987,-0.020122,0.048533,0.001821,0.069114,-0.00128,0.037592,0.068568,-0.027751,0.03069,0.031307,-0.009362,0.065651,0.006221,0.0,-0.048364,0.06921,0.040926,0.044281,-0.010415,0.041011,0.035765,0.001454,0.004338,-0.020425,0.011576,0.019769,0.032203,-0.009307,-0.03002,0.021169,0.046429,0.036576,0.00995,0.024458,-0.002577,0.00808,0.007439,-0.001557,0.031846,0.032139,-0.01959,0.001136
2026-06-12,-0.062228,-0.004824,-0.016387,-0.011919,0.014409,0.00875,0.015924,0.007134,0.006504,0.012506,0.03835,0.013287,0.073413,0.009948,0.018377,0.023257,0.020561,0.003989,-0.001668,-0.02241,-0.013219,-0.010559,0.010969,-0.006194,0.013945,0.003513,0.018968,-0.002929,0.007094,-0.012705,0.02064,0.016954,0.009171,0.053783,0.006734,0.002323,0.058163,0.011126,0.007716,-0.000805,0.017312,0.026783,0.019334,-0.008374,0.01361,0.010781,0.058537,0.018955,0.019246,0.01219,-0.018658,0.006564,-0.020755,-0.006821,0.042582,-0.004602,0.022345,0.080469,0.007388,-0.007477,0.006815,0.00778,-0.053288,-0.001323,0.008334,0.00866,0.00109,-0.035934,0.03512,-0.009534,0.01374,0.000272,0.001185,-0.013693,0.033223,0.007395,-0.022186,0.009214,0.011485,0.019451,0.004616,0.014207,0.020674,-0.010351,0.017426,0.012747,0.011368,0.009484,0.003784,0.025064,9.6e-05,0.021951,0.019339,0.007551,0.035157,-0.0467,0.02205,0.004686,0.015598,-0.027172,0.025424,-0.004474,-0.010327,0.007123,-0.016484,0.005425,-0.00254,-0.004165,0.03399,0.011417,0.076124,0.021236,0.007387,0.019338,0.017497,-0.109699,0.019906,0.022651,-0.013502,0.010508,0.011939,0.001144,0.016217,0.023367,0.008641,-0.004201,0.002576,0.006429,-0.001819,0.01359,0.009748,0.005863,0.018569,0.0075,0.010838
2026-06-15,-0.007986,0.083049,0.014838,0.016647,-0.015814,-0.010369,0.01586,0.015785,-0.062703,0.004747,0.09561,-0.028538,0.083309,-0.034772,-0.014365,0.040546,-0.036989,0.011892,0.011618,0.018647,0.015642,-0.003507,0.035824,-0.049427,-0.041185,-0.022164,0.024744,0.005107,0.011211,0.014698,0.040044,-0.005663,-0.060136,0.050496,0.001676,0.013062,0.008496,0.015977,0.045397,-0.02034,-0.020282,0.054717,-0.009962,0.013674,-0.000676,-0.008336,0.03774,-0.018955,0.011662,0.000586,-0.001379,0.035254,-0.016634,-0.002742,-0.022888,-0.013934,-0.003219,-0.012716,0.002451,-0.03483,-0.000788,-0.017333,-0.038466,0.030419,-0.016737,0.000967,-0.014479,0.009157,-0.034289,0.001665,0.021932,-0.005445,-0.018525,0.00387,0.05215,-0.018368,0.008678,0.029651,-0.020905,-0.026511,0.006557,0.03854,-0.026748,0.015614,0.016375,0.003973,-0.005784,-0.022071,0.000944,0.017449,0.000288,-0.011628,-0.013603,-0.035103,0.023198,0.023193,0.06347,-0.004259,-0.001264,0.062288,-0.008316,0.016675,0.010327,-0.031881,-0.017098,-0.001516,-0.002183,-0.089963,0.060905,-0.038098,0.003484,-0.013739,0.006862,-0.01535,-0.00127,-0.0485,-0.000519,0.001285,-0.013173,0.0,-0.045517,-0.025072,0.006033,-0.013195,0.037127,0.004825,0.016754,-0.00397,-0.005999,0.004116,-0.00819,0.01409,0.006114,-0.035371,0.004705
2026-06-16,-0.013841,0.03807,0.014239,-0.091309,0.00561,-0.005842,0.029188,0.003659,-0.014777,-0.008803,-0.054234,0.0,0.002867,0.000976,-0.023924,-0.015573,0.00372,-0.000219,-0.011062,-0.00681,-0.024391,-0.010481,-0.009829,0.026079,-0.008229,-0.024502,0.0,-0.019719,-0.031714,-0.019558,-0.015954,0.015205,-0.012544,-0.003795,0.006678,0.008362,-0.022627,0.003985,0.04492,-0.001371,0.004616,0.058043,0.005219,0.008861,0.00029,-0.045716,-0.016234,0.004909,-0.023758,-0.03195,-0.012963,0.009074,-0.032777,0.014987,-0.025561,0.036735,0.003621,-0.023741,0.000874,0.024896,-0.00692,-0.005845,-0.043681,-0.003716,-0.006653,-0.044212,-0.007817,0.068648,-0.001662,-0.010029,-0.002925,0.006802,-0.016214,-0.031832,0.004828,0.008585,-0.016943,0.016009,0.025494,0.002114,-0.013489,0.012953,-0.000926,-0.015786,-0.031529,-0.034844,0.010731,0.009604,-0.014013,0.046471,0.003931,-0.003572,0.0123,-0.007299,-0.00701,-0.008779,-0.00265,0.008077,0.019728,0.000719,-0.007071,0.005862,0.022351,0.000771,-0.007808,0.003138,0.014462,-0.014506,0.095185,0.007686,0.0,0.008536,0.000471,0.001726,-0.024116,-0.047776,-0.016218,-0.002357,-0.041485,0.0,-0.012335,0.003328,0.001002,-0.008257,-0.028291,0.001158,-0.000928,0.001286,0.000327,0.014642,0.002442,0.006527,0.004182,-0.003426,0.007127
2026-06-17,-0.025884,-0.054476,-0.007287,0.011561,-0.002801,-0.018675,-0.025124,-0.039965,-0.009679,0.004518,-0.022415,-0.031218,-0.005893,-0.040294,-0.033363,0.003358,-0.004548,-0.020574,-0.006696,-0.00928,-0.025167,0.008325,-0.008301,0.002722,-0.001168,-0.030786,0.004441,-0.013347,-0.003053,0.005094,-0.036689,0.006483,-0.029895,-0.01643,-0.012558,-0.012186,-0.01883,-0.004106,-0.072007,0.001919,-0.029375,-0.032826,-0.010238,-0.030755,-0.002708,-0.013348,0.004898,-0.015351,-0.020996,-0.002827,0.002327,-0.038679,-0.023105,-0.014301,0.016973,-0.023724,-0.011309,0.02435,-0.014604,-0.004818,-0.019735,-0.017743,0.036162,0.005427,-0.03081,-0.066967,-0.004369,0.006363,-0.052082,-0.017797,0.002507,-0.022485,-0.016689,-0.034253,-0.005048,-0.017824,0.002276,-0.033694,-0.02508,-0.030577,-0.001326,0.000227,-0.02533,-0.028262,-0.058367,-0.060307,-0.017599,-0.018084,-0.041759,-0.055702,-0.010581,-0.017763,-0.025421,-0.028483,-0.006192,0.000867,-0.037021,-0.012354,-0.058747,-0.051596,-0.068242,-0.022817,0.039401,-0.036096,-0.017764,0.000756,0.002509,0.001069,-0.001887,-0.015283,-0.008734,-0.030866,0.002589,-0.042807,-0.016682,0.005305,-0.04311,0.005669,-0.015638,0.07709,-0.018021,-0.033226,-0.014628,-0.016721,-0.003439,-0.028171,-0.025391,-0.022568,-0.014688,-0.005535,-0.025375,-0.001391,-0.013367,-0.012542,-0.013405
2026-06-18,0.043726,0.044114,0.034427,0.001276,0.014849,-0.003777,0.020258,0.005857,-0.026883,-0.005481,-0.038962,0.060104,-0.037682,0.009095,0.035273,0.004459,0.017256,-0.006728,0.033584,-0.007306,0.040893,-0.003299,0.032276,0.019441,-0.031699,0.001893,-0.005468,0.014483,0.030842,0.002778,-0.006696,0.015645,-0.010167,0.042168,0.036398,0.000766,0.028018,0.004949,0.030363,0.002188,-0.005435,0.068287,-0.005503,0.051814,0.009159,0.025794,0.00244,0.007157,0.029568,0.003029,0.000465,0.005618,0.019606,0.028399,-0.04838,0.003687,0.015717,0.024069,0.004774,0.02911,-0.009249,-0.002812,-0.010712,0.008227,-0.010063,0.02771,-0.006779,-0.032425,-0.018576,0.013167,0.072049,0.00856,0.012184,0.025352,0.02756,0.002463,0.051577,0.003957,0.044278,0.013352,-0.01067,0.021933,-0.035336,0.04142,0.050974,0.012293,0.02035,0.00243,-0.002747,0.039053,0.002029,0.039008,-0.005813,-0.00618,-0.017783,0.014054,0.035966,0.022882,0.048148,0.086885,-0.01474,0.009116,0.014701,-0.003602,0.020034,-0.003461,0.003574,-0.034405,-0.026149,-0.077802,0.024265,0.021875,-0.010397,0.022666,0.001984,0.066521,0.01909,-0.019822,0.03042,-0.015168,-0.014578,-0.001057,0.022774,-0.007813,0.029904,0.002287,0.014357,-0.004551,-0.00873,-0.00892,-0.002505,0.007268,-0.004045,-0.016599,0.006725
2026-06-22,-0.009169,-0.023543,-0.016876,-0.071364,0.006428,-0.00221,-0.031382,0.00804,0.034809,0.010296,-0.002697,-0.012579,0.02671,-0.001258,0.016983,0.016548,0.04539,-0.007,-0.064863,-0.022903,-0.011476,0.024426,-0.01702,-0.004453,0.018028,-0.036105,-0.003089,-0.01877,0.000726,-0.01385,0.035636,0.00343,0.018084,0.045533,-0.004886,-0.003887,0.046719,0.010778,-0.016015,-0.00493,0.0034,-0.03761,0.016646,-0.004821,0.002492,-0.006203,-0.098076,0.007106,-0.019614,0.022921,-0.017816,-0.056664,-0.022359,-0.011398,-0.029351,-0.002764,0.004787,0.005928,0.000176,-0.058327,-0.005324,0.001055,-0.028908,0.000141,0.011939,0.000382,0.001762,-0.054464,-0.015295,-0.003805,-0.007797,0.00908,-0.019064,-0.021234,-0.013576,0.005627,0.006915,-0.005942,-0.00862,-0.022099,0.032649,0.028107,0.004501,-0.016,0.025203,0.01454,-0.010354,0.009061,-0.025324,-0.017999,-0.009795,-0.037115,-0.029754,0.013571,0.05255,0.004405,-0.010131,-0.002517,-0.024747,-0.077849,-0.005153,-0.004082,-0.034208,-0.016576,-0.017147,0.001407,-0.003216,0.015357,-0.007459,0.004272,-0.024265,-0.010155,-0.009786,-0.007755,-0.008902,-0.102066,-0.026829,0.009206,0.052961,0.043787,0.031164,-0.066192,0.017885,0.044111,0.004894,-0.02135,-0.01714,-0.006622,0.008809,0.005921,0.012366,0.007365,5.8e-05,0.012565,0.005471
2026-06-23,-0.008093,-0.005138,-0.00607,0.013606,0.016342,0.025586,-0.015784,-0.021528,0.000585,-0.002334,-0.059823,0.0,-0.059342,0.024134,-0.011379,0.018429,-0.007816,-0.004315,0.016615,0.046299,0.022191,0.003109,0.00415,0.005933,0.002458,0.038938,-0.006207,0.027381,-0.047226,0.00808,-0.020302,0.003165,-0.02541,0.009565,0.004073,0.006211,0.029564,0.022962,0.004895,0.019307,0.029763,-0.056928,0.003274,-0.010842,-0.007977,0.018855,-0.011717,0.021019,-0.0003,0.009023,-0.002842,0.010811,0.003441,-0.001349,-0.021257,0.035346,-0.012412,0.018736,0.014706,0.033666,0.005835,0.021222,0.019667,-0.004956,0.016109,0.050567,0.00976,-0.028063,0.016187,-0.010217,0.008574,0.020066,-0.000837,-0.023096,0.010361,0.029764,0.01836,0.001985,0.006902,0.039966,0.018644,-0.009039,-0.021876,0.018967,-0.063479,-0.049447,0.008063,0.008383,-0.00154,-0.019418,0.017198,-0.001164,0.031379,0.011395,-0.052493,0.051265,0.00055,0.028159,-0.018807,0.009698,0.01651,-0.014232,-0.012554,0.017778,-0.02109,0.020981,0.004998,-0.005457,-0.048693,-0.029476,0.037025,0.017278,0.009549,0.033205,0.024739,-0.06688,-0.005007,0.013386,-0.035454,0.059825,-0.00041,-0.001899,-0.007509,-0.01703,-0.042308,0.003829,-0.010319,0.018566,0.014029,0.003346,0.013986,-0.020281,-0.014636,0.007372,0.007796
2026-06-24,0.115523,0.078038,-0.006107,0.0,-0.002705,0.0092,0.03224,0.046599,-0.026352,-0.013258,-0.105759,-0.005642,-0.060493,0.011001,0.032468,0.071496,0.011313,-0.023254,0.030772,-0.00681,-0.083001,0.066158,0.015279,-0.019412,-0.028127,0.04742,-0.032698,0.079795,-0.000697,-0.01167,0.039564,0.012312,-0.014815,-0.028973,-0.008983,0.006942,-0.039616,0.013529,0.016403,-0.028409,0.002632,0.002378,-0.001466,0.055254,0.01199,-0.051596,0.065784,0.012192,0.0018,-0.027317,0.016934,0.05144,0.001236,0.062172,-0.023025,0.022018,-0.009717,0.012394,0.027934,0.029342,0.001326,0.020106,-0.043505,-0.001136,0.014643,0.021116,0.003605,-0.033768,-0.008061,0.008097,0.045885,0.021775,0.0,-0.013644,0.104114,0.006403,-0.02543,0.000849,0.086008,0.03223,0.038424,0.032518,0.003707,0.003548,0.022639,0.007112,0.035056,0.020656,0.001796,0.014062,0.019354,0.032094,0.000504,-0.01003,-0.000584,0.003764,0.03623,0.049393,0.0423,0.089421,0.012067,0.033933,0.019098,-0.011682,0.002,0.010433,-0.006431,-0.034141,-0.031594,-0.009317,-0.048494,0.011801,-0.001427,0.051517,-0.020693,-0.003523,-0.012911,0.014153,0.020002,-0.020886,-0.005143,0.019468,-0.063065,-0.01023,-0.006208,-0.006829,0.01145,0.008563,0.007659,-0.002974,-0.002916,0.011497,0.005685,-0.016477,0.010374
2026-06-25,0.045979,-0.010485,0.009526,-0.061301,0.024087,0.016049,0.024456,0.015663,0.002697,0.004296,-0.096107,-0.005318,0.054458,-0.004142,-0.009578,-0.01005,0.003485,0.001629,0.029853,-0.010047,-0.059285,-0.00468,-0.013369,-0.024112,-0.004781,0.004934,0.005702,0.051167,-0.023682,0.00833,0.012638,0.018923,0.018851,-0.069951,0.017887,0.00613,-0.048166,0.003554,0.008486,0.020568,-0.000986,0.020137,-0.001807,0.007632,0.03743,0.001889,-0.060359,0.008395,-0.050395,0.004405,-0.02026,0.012915,0.063148,0.026301,0.008402,-0.032761,0.016142,0.002003,0.010925,0.004301,-0.013236,0.019241,-0.010461,-0.002989,0.015029,0.030817,-0.002236,0.031393,-0.002701,0.018087,0.058311,0.009932,-0.031479,0.039476,0.00867,0.015694,-0.011166,-0.011383,0.011465,-0.001333,-0.02797,0.033876,0.034208,0.005718,-0.000228,-0.03399,0.026237,-0.002339,-0.018112,0.014926,0.007861,0.017195,0.009095,0.018332,0.023529,-0.048106,0.005283,0.022291,0.01464,0.003389,-0.034046,0.018067,0.051489,-0.011,-0.017307,-0.009268,-0.005031,0.001132,0.003872,0.038873,0.02194,0.007717,0.008765,-0.011611,0.004305,0.00235,-0.021126,0.009083,-0.058015,-0.00706,0.050786,-0.004891,-0.024021,0.01404,0.008269,-0.009052,-0.01506,-0.005939,0.014758,-0.005039,0.001796,0.021465,0.013204,0.00966,0.006784
2026-06-26,0.034461,0.033776,0.00454,0.05588,0.021797,0.023747,-0.000179,0.009605,-0.012344,-0.007674,-0.005277,0.070343,0.04713,0.019582,0.010608,0.004032,0.003088,-0.003028,-0.010753,0.025117,0.007778,0.041051,0.016397,0.032521,-0.004238,0.016859,0.016564,0.014191,-0.049797,0.032531,-0.038405,0.012177,-0.007719,-0.024071,0.004823,0.003812,-0.039313,0.036409,0.035319,-0.007356,0.007211,0.017952,0.000339,-0.006862,-0.009134,0.01981,0.044961,0.005211,0.00941,-0.005811,0.035075,0.009124,-0.004261,0.018978,-0.043103,0.056858,0.003197,0.018973,0.014439,0.025076,0.006999,0.018221,0.039368,0.063772,0.019708,0.024695,0.02711,0.003237,0.025814,0.022667,0.033354,0.00026,0.017988,0.042787,0.023696,0.007891,0.001714,0.06187,0.021838,0.030747,0.046491,0.015179,-0.037289,0.041231,-0.00435,-0.033118,0.028192,0.017412,0.090075,0.00843,0.029123,0.005666,0.010231,-0.000641,-0.043691,0.018278,-0.014108,0.019199,-0.043609,0.014775,0.070473,0.006781,0.043643,0.028671,0.045694,0.018763,0.021031,-0.00681,0.031815,-0.022197,0.073612,0.051181,-0.009717,0.005858,0.006095,0.053696,0.05828,0.021488,-0.078519,0.015068,0.016757,0.018837,0.007303,0.021938,-0.018924,0.005667,0.008958,0.009131,0.029815,0.002243,0.014472,-0.015986,-0.00464,-0.004633,0.007605
2026-06-29,0.020775,0.028524,-0.007579,0.010811,-0.016961,-0.002938,-0.049909,-0.000648,-0.001516,-0.023456,0.024391,-0.050282,-0.006733,-0.012285,-0.000901,-0.040026,0.001925,-0.017175,-0.009777,-0.011155,-0.07035,0.025388,-0.00659,-0.022378,-0.01675,0.012243,0.008007,0.04451,-0.001024,0.057939,-0.00425,0.009037,0.036236,-0.032828,-0.016984,0.00304,-0.005629,0.023987,0.036119,0.002458,-0.003271,-0.023736,-0.010568,-0.027268,-0.022496,-0.001111,-0.045863,-0.003645,0.011794,-0.002213,0.012332,-0.033244,-0.028478,0.029871,-0.005799,0.0,-0.005602,-0.022696,0.005259,0.010582,-0.021669,0.004259,0.22663,-0.003751,-0.007122,-0.003961,0.000242,0.014543,0.014828,-0.002448,-0.042133,0.00052,-0.016045,0.008256,0.009509,0.003517,-0.08595,0.041113,-0.010266,-0.003457,0.018776,-0.001675,-0.047836,0.055024,-0.010495,-0.04988,-0.022811,-0.008088,-0.021952,0.014584,0.019813,-0.020608,0.01155,0.013885,0.037913,0.056313,0.010351,0.011124,-0.024854,0.03279,0.050096,-0.016406,0.030951,-0.003989,-0.007568,0.015047,0.030911,-0.007622,-0.03463,-0.046995,0.039531,-0.006604,-0.011016,-0.047182,-0.048853,0.027429,0.015127,0.041152,-0.08226,0.0343,0.026443,-0.01232,-0.046866,0.011098,0.023465,0.015884,0.02376,-0.004022,0.002492,0.002796,-0.007099,0.008572,-0.018385,-0.004841,-0.003904
2026-06-30,0.002334,-0.002939,0.008711,-0.008097,-0.002195,-0.013924,0.002818,0.016721,-0.011903,0.077377,-0.063048,-0.025407,-0.011059,-0.008519,-0.02293,0.046044,0.050986,0.010622,-0.027672,0.01526,-0.048523,0.020277,0.008464,-0.030112,-0.002306,-0.032688,-0.007308,0.005394,0.014786,0.026867,-0.009217,0.015709,-0.02013,-0.032731,0.000821,-0.005325,0.010429,0.005051,0.056856,0.002724,-0.011657,0.00386,0.040849,-0.011226,0.015987,-0.014931,-0.079817,-0.004706,-0.02531,0.003819,0.002267,-0.00754,-0.001599,0.018659,0.004322,0.013514,-0.012157,-0.172101,-0.003941,0.003617,-0.007364,-0.0125,0.004751,-0.018424,-0.005974,0.004466,-0.016838,0.058149,-0.015707,0.014196,-0.003888,-0.00078,-0.003889,-0.007819,-0.011196,-0.028769,0.033534,-0.017713,-0.005471,-0.011843,0.00059,-0.020667,-0.023383,0.038397,0.003934,-0.014314,-0.037171,-0.021759,-0.009312,0.00413,-0.007664,-0.037849,-0.010776,-0.029148,0.007794,0.047968,-0.012239,-0.010006,0.029366,0.016,-0.002818,0.004689,-0.067802,-0.030847,-0.007858,-0.007701,0.010208,-0.001531,-0.00353,-0.018267,-0.002328,-0.045937,0.003365,-0.025027,-0.036527,0.061897,-0.03104,-0.001856,0.043994,-0.018474,-0.022326,-0.00369,-0.000186,-0.00307,0.027188,-0.006976,0.001365,-0.015528,-0.013025,-0.00205,-0.020012,0.013424,0.00335,-0.008811,-0.014886
2026-07-01,0.041996,0.027813,-0.016347,-0.030264,-0.014166,0.005949,-0.010752,-0.009291,-0.021727,0.050297,0.096892,0.060667,-0.039697,-0.009085,0.017635,-0.035627,-0.005865,0.004217,0.050872,-0.001366,-0.006039,-0.001243,-0.00773,-0.000946,-0.007144,0.052483,0.003835,0.01009,-0.014308,0.012501,-0.059612,-0.013672,0.039514,0.0,-0.020739,-0.011508,-0.003598,0.005345,0.062213,-0.00655,0.005346,-0.051384,-0.017925,-0.026344,-0.01798,0.025252,-0.017752,0.018178,0.04698,-0.002813,0.025046,0.003777,-0.002002,-0.019837,-0.036386,0.011677,-0.0153,0.045637,-0.000494,-0.003617,0.018258,0.004624,0.015737,0.024446,0.027771,0.045843,0.000246,0.095638,-0.006176,-0.013379,-0.054205,0.010349,0.001298,0.003483,0.087965,-0.005715,0.067712,0.005243,-0.027813,0.017281,0.037073,-0.036677,-0.016887,0.028965,-0.041741,0.01856,-0.05154,-0.014975,0.036737,-0.043165,0.006687,-0.055733,-0.017959,0.03173,-0.040435,0.021321,-0.036007,0.010374,0.000643,0.006329,0.05028,-0.004237,0.008578,0.004524,-0.018027,0.010357,0.013784,-0.014278,0.019262,-0.034133,-0.000777,-0.004616,-0.00024,-0.002453,0.031283,-0.029945,0.057496,-0.003429,-0.001917,-0.063819,0.033973,0.017105,0.00464,-0.004932,-0.026056,0.024071,0.006883,0.002765,0.005531,0.021589,0.003401,-0.010147,0.003731,-0.005665,-0.012651
2026-07-02,-0.054191,0.008668,-0.008855,0.008345,0.001337,0.01062,0.017111,0.009291,0.015258,0.025106,0.086803,0.066995,0.078796,0.020992,0.009793,0.019498,0.0055,0.015314,-0.024293,0.041394,0.106422,0.032577,0.002723,-0.005377,0.014523,0.010345,0.034875,0.00696,-0.00123,0.004107,-0.039375,0.026693,-0.005951,0.038569,0.012495,0.003851,0.061543,-0.034494,-0.030034,0.006278,0.038246,-0.008479,0.012757,0.004553,-0.001331,0.024272,-0.005988,-0.020802,0.002714,-0.013981,0.007919,0.022368,0.002935,0.0,0.032312,0.026995,0.0,-0.093635,0.027283,0.014901,0.0207,0.005913,-0.035995,0.017327,0.009858,0.015538,0.034459,0.025877,0.0,-0.00368,-0.020012,0.011007,0.015873,0.004337,0.001374,0.016222,-0.04228,-0.009192,0.003794,-0.003104,-0.009714,-0.029552,0.007868,0.006811,-0.0538,0.014497,-0.002819,0.028556,0.04251,0.010169,0.004875,-0.025187,0.025449,0.010943,-0.033966,0.019681,-0.033193,0.001841,-0.014892,-0.00506,-0.024199,0.008457,0.029458,0.00858,-0.006399,0.021498,0.018525,0.042608,0.060237,-0.006197,0.0,0.041104,0.009793,-0.000614,0.025445,0.024846,-0.002614,0.023184,0.034053,0.048989,-0.006255,0.002069,0.010315,-0.001237,-0.027472,-0.001277,-0.008248,0.020085,0.025985,0.015218,0.011254,0.002995,0.019218,0.007734,0.021872
2026-07-06,0.014524,0.014088,0.006168,-0.042439,-0.017064,-0.009434,0.006874,-0.004314,0.003085,-0.01711,0.0,0.018698,0.03409,-0.018036,0.000128,0.032986,-0.01103,0.01213,-0.027141,0.015855,-0.031323,0.005819,-0.00661,-0.05141,-0.011041,-0.02871,0.034674,0.003203,0.017556,0.027458,0.002917,0.006853,0.013947,-0.001748,-0.013334,0.017524,0.004509,-0.012214,-0.039095,-0.007648,-0.009668,0.044892,-0.020378,-0.011926,0.00228,0.015625,-0.011072,0.00733,0.02586,0.01116,-0.002633,-0.022368,-0.000666,-0.008878,0.004937,-0.011364,-0.004292,-0.031051,-0.019575,0.024518,0.016962,-0.016846,-0.021818,0.009787,-0.010441,-0.003564,-0.014123,-0.054876,-0.038796,0.011,-0.028629,-0.013069,-0.008764,-0.037474,-0.015915,-0.011481,0.059306,-0.006087,-0.024235,-0.030337,0.002008,0.031042,0.014258,0.049524,0.022862,0.0062,0.010529,-0.013582,0.001591,-0.006946,0.005731,0.018988,0.013568,0.005145,0.008537,0.043516,-0.029176,-0.026847,0.045586,-0.014049,-0.019433,-0.011624,0.007084,-0.001221,-0.027234,-0.01895,0.007835,-0.018798,0.000653,0.02986,0.062544,-0.005558,-0.003572,-0.032073,0.023769,-0.103318,0.010935,-0.013807,0.051366,-0.001994,0.009515,0.010474,0.006211,0.014742,0.016367,0.00555,0.00757,-0.010527,-0.01093,0.009306,-0.008767,0.008932,-0.000577,-0.001693,-0.010103
2026-07-07,-0.032139,-0.025503,-0.003465,0.008633,0.028133,0.007084,-0.058521,-0.018423,0.046352,-0.012412,-0.031773,0.012579,-0.066539,0.014164,0.009188,0.077544,-0.0119,-0.003875,-0.019275,0.002579,-0.018542,0.063686,0.033336,-0.017855,0.045853,0.010536,-0.006513,-0.011954,-0.015302,-0.024164,-0.033312,0.004159,-0.007996,0.00813,-0.014364,-0.005301,0.006911,0.007346,0.024862,0.031577,0.01287,-0.031616,0.007509,-0.020997,-0.025079,0.015038,0.002022,-0.015773,-0.01151,0.018789,-0.024912,-0.00947,-0.001868,-0.022851,-0.043915,-0.008197,0.004292,0.006618,0.009107,0.013184,-0.007278,0.005978,-0.028937,0.035087,0.011594,-0.007487,0.013053,-0.036062,-0.011101,-0.000811,0.007429,0.011795,-0.011226,0.004035,0.023267,0.014913,0.013029,0.044626,-0.020101,0.011331,0.058161,-0.021505,0.01551,-0.000875,-0.009358,-0.02857,0.020731,0.021177,0.015323,-0.014039,0.015355,-0.002334,0.016267,0.008479,-0.025925,-0.00367,-0.019368,-0.009875,0.010539,-0.060986,0.035056,-0.018755,-0.030459,0.019363,0.019357,-0.002853,-0.001302,0.057875,-0.024113,0.011167,-0.011756,0.01531,-0.031749,0.011433,0.016043,0.012395,-0.006755,0.010926,-0.019474,0.022695,-0.015283,0.029094,-0.033707,-0.026569,-0.024205,0.007323,-0.005268,0.008996,0.015196,-0.001604,0.013456,-0.017286,-0.009083,0.028024,0.008791
2026-07-08,-0.032214,-0.028383,-0.019471,-0.026126,0.0,-0.021104,-0.029686,-0.030471,0.0307,-0.027586,-0.024712,0.025882,-0.057651,-0.009012,-0.008291,0.01086,0.000748,-0.019835,-0.008623,-0.003871,-0.014968,-0.060743,-0.019951,0.011154,0.020807,-0.040549,-0.025142,-0.020856,0.0015,-0.018147,-0.010214,-0.018264,0.071062,0.024566,-0.008547,-0.011455,0.024275,-0.029601,-0.015921,0.004242,-0.003202,-0.08267,0.006011,-0.045081,-0.014802,-0.012574,0.036692,-0.024679,0.001483,0.019026,-0.02278,-0.036826,-0.014257,-0.036548,0.002185,-0.003298,-0.025592,-0.042671,-0.007149,-0.018674,-0.006208,-0.019055,-0.012012,0.003754,-0.028649,0.001997,-0.007764,-0.029776,-0.016886,-0.01183,-0.002731,-0.004087,0.002818,-0.022625,-0.029915,-0.002058,-0.000446,-0.021151,-0.048803,-0.012934,-0.031862,-0.003848,-0.003259,-0.011516,-0.001129,0.009674,-0.05446,-0.007596,-0.019646,-0.034295,-0.034977,0.022646,-0.003841,0.048939,0.014421,-0.0308,-0.004652,-0.019658,-0.020876,-0.032653,-0.029212,-0.045246,-0.024556,-0.006413,-0.024255,-0.010258,-0.014762,0.041739,-0.058871,-0.003752,-0.063307,-0.008803,0.009558,0.03747,-0.025161,-0.004489,-0.005752,-0.040325,-0.014091,0.017409,0.0607,0.002994,-0.005856,-0.03375,0.012314,-0.014151,-0.017964,-0.005554,-0.013099,-0.019457,-0.016622,-0.010805,-0.026558,0.017417,-0.007468
2026-07-09,0.078209,0.030294,0.012117,-0.023811,-0.005741,-0.010569,0.016645,-0.007596,-0.051804,-0.003037,0.016807,0.026387,0.057651,0.006828,0.024296,-0.035734,-0.013928,0.00372,0.031261,0.003168,0.041558,0.041461,0.008173,-0.004717,-0.024688,-0.023931,0.014963,0.042143,0.021099,0.037384,-0.000761,-0.015618,0.016764,-0.045607,0.017022,0.009935,-0.052403,0.04817,0.02148,-0.013584,0.000641,0.008513,-0.012621,0.009725,0.004238,0.013268,0.005825,0.015629,0.031795,-0.011726,0.011455,0.001972,0.015858,0.013785,0.014779,0.01394,0.017422,0.058305,0.002117,0.000334,-0.004809,-0.008814,0.002572,-0.014088,-0.008338,-0.061066,-0.009276,0.0018,0.008479,-0.021988,0.020874,0.00179,0.005613,0.006842,0.018263,-0.016898,0.045254,0.024718,0.004415,-0.000535,0.002509,0.021587,-0.019601,0.014005,0.005881,-0.006952,0.007076,0.007596,0.003869,0.01286,0.004562,0.002738,-0.032047,0.010645,0.002758,0.050256,0.025061,0.013148,-0.022931,0.027857,0.036567,-0.001257,0.042586,-0.002416,0.025094,-0.015168,0.01411,-0.026808,0.033133,-0.029726,-0.097517,0.000795,0.015729,-0.001133,0.007411,-0.00564,0.035037,-0.004013,0.024157,-0.008666,-0.005779,0.008929,-0.000379,0.060929,0.021541,0.009547,0.013354,-0.014202,-0.000801,0.010316,0.00181,0.003817,0.001992,-0.014128,-0.005083
2026-07-10,-0.034534,-0.004306,0.020001,-0.012121,-0.013375,0.009968,0.009304,0.023775,0.004496,0.012362,-0.019231,-0.008135,-0.041236,0.018062,0.034526,-0.025509,-0.041802,0.014743,-0.050498,0.034433,-0.022099,-0.053656,-0.013171,-0.019438,0.009398,0.027563,0.008217,-0.000814,0.002931,-0.058214,-0.023485,0.021471,-0.00996,0.047861,0.002528,0.0,0.050585,0.007807,0.012983,-0.000536,-0.000641,0.021082,-0.019522,0.019887,0.018898,0.02872,-0.028475,0.006928,-0.012132,0.007247,-0.012377,0.012727,0.015742,-0.009378,0.012817,-0.00408,0.000863,-0.036742,0.000163,0.018667,0.012842,0.007801,-0.010927,-0.030222,0.001196,-0.015254,0.010354,-0.0008,-0.004701,0.019523,0.014432,-0.007179,0.005153,0.001817,0.010288,0.00279,-0.066314,-0.012025,0.007845,0.023889,-0.018545,-0.000427,0.022641,-0.071063,0.011043,-0.005451,-0.011661,-0.000582,-0.015799,0.00995,0.011713,0.023569,0.002481,-0.007721,-0.014487,-0.050493,-0.009452,0.009178,0.089318,-0.011745,0.020071,0.016694,-0.018029,-0.005659,0.009413,0.004178,-0.008837,-0.018879,-0.019748,0.028238,-0.03714,0.008129,0.022083,0.021466,0.03322,-0.025202,-0.011202,0.014966,-0.002436,-0.037443,-0.001993,0.000481,0.028218,0.030605,0.002317,0.010173,0.003332,0.010997,-0.008235,0.003056,0.004962,0.004462,0.012457,0.004732,0.006185
2026-07-13,-0.001901,-0.018023,-0.015349,0.030032,0.008046,0.015805,-0.033053,-0.015171,0.036122,0.00808,-0.043827,0.015055,-0.127886,0.004287,-0.013986,-0.053058,0.019182,-0.008497,0.004112,-0.057425,-0.002179,-0.035865,0.017079,0.003781,0.034345,0.003618,0.008799,-0.015805,-0.025939,0.003892,0.007761,0.004541,0.077332,-0.025664,0.0,-0.013012,-0.013561,-0.018203,-0.021733,0.027522,0.006394,-0.027748,-0.001721,-0.022224,-0.004061,0.038676,-0.003992,0.005297,0.028365,-0.003323,0.016015,0.009681,0.009146,-0.021588,0.025031,0.019434,-0.004757,-0.021181,0.016137,0.004898,0.005957,0.017083,-0.029805,-0.007996,0.005956,0.021721,0.009062,-0.102676,0.026966,-0.004948,-0.001132,0.02063,-0.017065,0.012176,-0.026622,0.001114,-0.013853,-0.008011,-0.022367,-0.006029,-0.057793,-0.006717,0.02446,0.006471,-0.039004,-0.027336,0.008788,0.011581,0.016026,0.007671,-0.000441,-0.006998,-0.007905,0.051376,-0.018173,-0.00642,0.01129,0.001141,0.042118,-0.033926,0.006681,-0.024952,-0.004863,0.002429,0.003315,0.018283,0.008185,0.072128,-0.024439,0.024733,-0.074801,0.005051,-0.020404,-0.002742,0.004255,0.047574,0.013225,0.003263,-0.028938,-0.024391,0.052399,0.00074,-0.007769,-0.033046,-0.02452,-0.000448,-0.010288,0.005572,0.003538,0.006441,0.005609,-0.008557,-0.00611,0.029693,0.006804
2026-07-14,0.019317,0.030294,-0.000774,-0.023953,0.013269,0.001774,0.013553,0.02226,-0.004046,-0.008514,0.047864,-0.013889,0.06441,-0.006198,0.028137,-0.017303,-0.007785,0.006895,-0.006469,-0.003242,0.024904,0.067611,0.01376,0.007519,-0.008722,-0.00226,-0.004553,0.006335,-0.064488,0.114615,0.015724,-0.013569,0.00358,0.049038,0.018349,0.018321,0.045622,-0.014626,-0.038688,-0.015256,-0.005753,0.005176,0.008118,-0.000731,0.012134,-0.018986,-0.028399,0.003165,0.0,0.016507,0.017994,-0.004829,-0.032785,0.019072,0.014627,-0.0178,0.013348,-0.025945,0.007495,0.015835,-0.011542,0.003977,0.005541,-0.012849,-0.017371,-0.053033,-0.013985,0.015392,-0.015719,-0.016674,-0.011772,0.009034,-0.024704,-0.011722,-0.023576,-0.024081,0.012332,-0.005203,-0.001491,-0.064708,0.0003,-0.008062,0.004966,0.102691,0.009068,0.005136,0.010137,0.004022,-0.022741,0.02053,-0.002828,0.00848,-0.023812,0.015811,0.021781,0.048995,-0.019311,-0.003809,0.040415,0.027652,-0.017997,0.004501,-0.01721,-0.001619,0.00824,-0.014018,-0.009171,-0.005704,-0.002872,-0.00338,0.035292,-0.063459,-0.030667,-0.00573,-0.006817,0.00221,-0.043901,-0.003065,0.004144,-0.023947,0.018888,-0.005416,0.014747,0.030087,0.012826,-0.001255,-0.001207,-0.013928,-0.019519,0.00196,-0.004934,0.000443,0.001185,0.003694,-0.000656
2026-07-15,0.066345,-0.032983,-0.020329,0.023953,-0.015051,-0.01039,0.019499,-0.009243,-0.007558,-0.019256,0.015988,0.00639,-0.038583,-0.008646,0.016416,-0.034468,0.001562,0.018382,0.029645,0.026352,0.007047,-0.193532,-0.010992,0.015541,-0.003672,-0.009548,0.038054,-0.013016,0.012372,-0.018971,0.027769,-0.005432,-0.031153,-0.009395,0.017206,0.007536,-0.001411,0.002898,0.026901,-0.005581,0.003839,0.0,-0.002052,0.007484,-0.000862,0.027703,0.022381,0.004728,0.056028,-0.023778,-0.007608,0.016323,0.030051,-0.073817,-0.01792,-0.045083,0.017805,0.066767,-0.004618,0.007824,0.009829,-0.013656,-0.003896,0.013375,-0.005453,0.006288,-0.007612,0.062381,0.004649,0.003776,0.000764,0.000749,0.000223,0.015302,-0.009371,0.005118,-0.009331,0.045132,0.019478,-0.014028,-0.040146,-0.00333,0.011507,-0.024618,0.011755,0.021562,0.00379,0.004006,0.012468,0.006397,-0.023099,0.05743,0.027634,-0.02661,-0.018477,-0.09114,0.031571,0.0,-0.037876,0.020762,-0.01488,0.005938,0.008642,0.002831,0.020078,-0.028319,0.008519,0.007041,-0.020342,0.009426,-0.120364,0.017116,-0.019467,0.031513,0.002615,-0.048625,0.022449,-0.039894,0.015461,0.012566,-0.029526,0.006192,0.020825,0.0,-0.011172,0.017169,0.009446,0.000599,0.0,0.006741,0.001797,-0.002164,-0.002768,-0.007933,-0.01034
2026-07-16,-0.035559,-0.023152,0.019167,-0.002963,0.018998,0.024467,0.008437,0.003641,0.000292,0.012183,-0.079184,0.030789,-0.088486,0.020294,-0.000938,-0.0324,0.010865,-0.00383,-0.057765,0.033636,-0.028748,-0.035821,0.046492,0.00067,0.012305,0.03413,-0.000942,0.00411,-0.015216,-0.014664,0.009577,0.025717,0.027573,-0.009484,-0.00244,0.015643,0.002116,0.027119,0.003631,0.012712,0.049823,0.051861,0.006257,0.03553,0.03159,0.040012,0.037517,0.021261,0.025578,-0.018714,-0.015392,0.058269,0.023458,0.010118,-0.017377,0.020288,-0.005477,-0.048112,0.027395,0.012016,0.030487,0.019921,-0.043248,-0.034119,0.030514,0.018285,0.029518,-0.027644,-0.004649,0.045435,0.04879,0.039403,0.020113,-0.008973,-0.018825,0.034974,-0.023637,0.004478,0.029751,0.040689,-0.029512,-0.038061,-0.005079,-0.020898,0.001381,-0.045314,0.042239,0.001142,0.034949,-0.005862,0.02469,0.03153,0.048348,0.025965,-0.027849,-0.006991,0.006074,0.011385,0.041126,0.02034,0.026196,0.031242,-0.042052,0.034144,0.03622,0.016731,0.018426,0.009312,-0.051197,-0.002465,0.017811,0.045589,0.012522,0.013788,0.027494,-0.025823,-0.012991,0.021206,0.006608,-0.022095,0.025637,0.017225,0.015471,-0.011327,-0.022613,-0.006459,0.002902,0.027648,0.021932,0.003354,0.019996,0.0005,0.007693,0.009161,0.005513
2026-07-17,0.036432,-0.048371,-0.012084,0.026356,-0.011444,-0.007894,-0.028539,-0.028147,0.027052,-0.005633,0.017865,-0.018989,-0.000796,-0.012127,0.001406,0.019566,0.001543,-0.01524,0.000607,0.003054,0.026633,0.001019,-0.052858,0.018915,0.016436,-0.025488,0.001255,-0.021213,0.007347,-0.003343,0.015279,0.007474,0.048705,-0.024398,0.021749,-0.014892,-0.052249,-0.010781,-0.010798,0.005249,0.012378,-0.022359,-0.000567,-0.03844,-0.019402,-0.008685,-0.000969,-0.017077,-0.010469,-0.002213,-0.00137,-0.028248,-0.008186,-0.036915,-0.019204,0.005841,0.011342,-0.042878,0.016023,-0.007414,0.003125,-0.009911,0.001501,0.035828,-0.02084,-0.039522,-0.040371,-0.027346,-0.030277,-0.025533,0.005799,0.001918,-0.007468,0.001801,0.007719,0.016029,-0.054819,-0.028703,-0.043144,-0.024979,0.020087,-0.027803,0.003981,0.010839,0.00613,-0.001336,-0.001815,-0.012052,0.018007,0.015907,-0.012537,-0.007892,0.016405,0.027147,-0.003954,-0.010706,-0.024067,-0.00986,-0.031592,-0.024458,-0.010832,-0.011637,-0.018112,0.005838,0.015504,0.012833,-0.020386,0.036084,-0.012437,0.002253,-0.04026,-0.034808,0.013841,-0.00436,-0.00218,0.044193,-0.028111,-0.018942,-0.01364,0.003186,0.030794,0.008827,-0.016009,-0.0006,-0.010932,-0.017914,-0.016325,-0.007251,-0.004398,-0.008672,-0.00088,-0.004116,-0.007099,0.011508,-0.00662
2026-07-20,-0.047351,-0.009908,-0.038374,-0.014556,0.000443,-0.010919,-0.019284,0.00051,-0.010848,0.003411,0.039675,-0.005164,-0.002991,-0.002395,-0.003284,-0.019566,-0.021816,-0.028832,-0.058051,-0.001469,-0.006561,-0.004423,-0.015675,0.048759,0.008421,0.000453,-0.020279,-0.020944,-0.008662,-0.022861,-0.014546,-0.005974,-0.013469,0.027197,0.015811,-0.015879,0.006659,-0.029558,0.077775,0.015069,0.0006,-0.078642,-0.01348,-0.020408,-0.013051,-0.041666,-0.004861,-0.021631,0.009427,0.0,-0.005956,0.001847,0.003974,-0.020402,0.00114,-0.010034,0.005,-0.012945,-0.014006,-0.001902,-0.00039,-0.001329,-0.005801,-0.023518,-0.007247,0.00441,0.006843,-0.028338,-0.009653,-0.018228,-0.002533,0.004064,0.009872,-0.008584,-0.025966,0.006046,0.040077,-0.002814,-0.041148,0.028977,-0.065549,0.011321,-0.025122,-0.006314,0.01682,-0.010948,-0.007864,0.006331,0.00694,0.015658,-0.022074,-0.005479,-0.001348,0.009335,0.006391,-0.010054,-0.002792,-0.006883,-0.008408,-0.038561,-0.014136,-0.033383,-0.021109,0.005032,-0.01329,0.002899,0.000327,-0.001278,-0.020546,-0.021546,0.00216,-0.002285,0.012198,-7.2e-05,0.016544,-0.003419,0.002686,-0.023298,-0.031389,-0.021437,0.01175,-0.00018,-0.032623,0.007768,0.000683,0.001355,-0.007216,-0.003881,-0.011488,-0.003918,-0.004192,-0.007216,-0.009944,0.004497,-0.005105
2026-07-21,0.032406,-0.007998,0.002848,0.031749,-0.00399,-0.01134,-0.002052,-0.00204,0.026343,-0.000809,0.052103,-0.007506,0.090816,-0.003363,0.001057,0.033462,0.031404,-0.005678,0.010866,-0.013321,0.016907,0.04119,-0.004404,-0.014507,0.015611,0.011254,0.009557,-0.001366,0.019044,-0.03768,0.025318,0.001842,0.021126,0.031906,0.017108,-0.007651,0.051561,0.005959,0.003134,-0.005689,-0.002702,0.03586,0.018573,0.01593,-0.003458,-0.019348,0.000974,0.017971,0.003123,0.002213,0.001378,0.00552,-0.00128,0.004963,0.009574,-0.015242,0.01567,0.035204,-0.00778,0.004905,-0.007048,-0.007676,0.017726,0.016005,-0.00182,-0.02151,-0.001828,0.039109,-0.002914,0.026404,0.030332,0.021009,-0.00745,0.018432,0.059629,-0.022622,0.031749,-0.007456,0.006721,-0.018947,0.086168,0.007781,0.010605,-0.046196,0.007818,0.014761,-0.023969,0.003436,-0.043058,0.02253,0.009287,0.008208,-0.024584,0.016482,0.010442,-0.030916,0.006062,-0.008865,-0.025657,-0.024603,-0.029392,-0.000984,0.006645,0.023279,-0.001882,0.020666,-0.010182,0.029608,0.082711,0.01306,-0.01303,-0.014392,-0.008523,-0.007984,-0.025208,0.022574,-0.021145,-0.002951,0.023537,0.020376,0.004744,-0.042157,0.012884,0.002972,0.028446,-0.006974,0.002266,-0.009472,0.00626,0.001248,-0.000663,0.003027,0.001398,0.009619,-0.000445
2026-07-22,-0.028297,-0.010832,-0.003664,-0.09844,0.014991,-0.004211,0.01771,0.009991,0.018411,0.002056,-0.025712,-0.029107,0.019148,0.015993,0.021935,0.009509,0.012517,-0.008099,-0.022502,0.006967,0.012982,-0.017049,-0.01301,0.024166,0.010919,-0.020806,0.004429,-0.003196,0.000502,-0.014385,-0.017655,0.018123,-0.014798,-0.01858,-0.005412,-0.005391,-0.01127,-0.011161,-0.010948,0.008522,-0.018204,-0.023406,0.05052,-0.008032,0.007095,-0.011322,-0.034674,-0.012121,-0.036782,-0.000603,-0.008758,0.019083,-0.000513,0.005642,0.041023,-0.022434,0.002452,-0.048731,-0.001407,0.013484,0.006365,-0.011795,-0.008077,-0.016812,-0.007313,-0.027249,0.002802,0.019521,0.013527,0.013838,-0.023112,-0.013404,-0.00485,-0.006704,-0.089767,-0.011298,0.018546,-0.018755,0.008476,0.003873,-0.019988,0.061732,0.011512,-0.036067,-0.007205,-0.013025,0.012693,0.034835,-0.062135,-0.003551,0.009292,0.010705,0.032749,-0.00406,0.006145,-0.028231,-0.007146,0.00579,-0.015716,-0.015504,-0.04922,0.056485,-0.004647,-0.002644,0.00387,-0.027511,-0.015303,0.029661,0.031473,0.021688,-0.052732,-0.017121,-0.011313,-0.004052,0.000891,-0.032901,-0.037403,0.013731,-0.008398,-0.007459,-0.012402,-0.013466,0.00529,0.026356,-0.002825,-0.007572,-0.007427,0.0038,-0.00513,-0.00107,-0.004213,0.001063,0.014269,0.011895,0.022235
2026-07-23,0.016268,-0.037283,0.026164,-0.00314,0.006978,-0.002112,-0.024718,0.002356,0.006612,-0.009167,-0.046858,-0.015635,-0.014236,-0.001185,-0.031249,-0.013764,-0.02018,-0.014455,0.017403,0.003182,-0.032903,-0.020171,0.005838,0.013551,0.0118,-0.021715,-0.026873,0.047287,-0.043667,-0.026895,0.006522,0.00282,-0.027319,0.015326,-0.01799,-0.014185,0.01738,-0.029685,-0.037122,-0.002317,-0.017295,-0.004293,-0.015576,0.018223,0.008656,-0.025095,-0.071011,0.00053,-0.036228,0.002009,-0.011642,-0.01086,-0.008107,0.013273,-0.024978,0.007823,-0.022287,0.015561,-0.000156,-0.023638,-0.021708,-0.002036,0.016508,0.020509,0.003053,0.014972,-0.01261,0.043785,-0.012554,-0.02621,-0.027719,-0.006681,0.017091,0.000896,-0.048606,-0.001248,-0.024753,-0.016705,-0.009593,-0.019425,-0.036952,0.021275,0.022011,-0.004326,-0.026956,0.000963,-0.011288,-0.03198,-0.01378,-0.036744,-0.009563,-0.022353,-0.016502,-0.021177,0.016439,-0.014489,-0.008573,-0.030086,-0.001174,-0.050354,0.025172,-0.025072,0.006631,-0.012943,-0.010539,0.017641,0.00134,0.009595,-0.031841,0.008055,-0.018605,0.030979,-0.01445,-0.025258,-0.113693,-0.013937,-0.045978,-0.005009,-0.030012,-0.00107,-0.018372,-0.003854,0.003994,-0.027543,-0.010147,-0.035608,-0.04723,-0.013963,0.012529,-0.003933,-0.001334,0.01713,-0.010484,0.003036,0.005645
2026-07-24,-0.001794,-0.013858,0.018891,-0.038466,-0.011364,0.007822,0.018443,0.021453,-0.007441,0.012091,-0.050902,0.059983,-0.005277,-0.003087,0.011775,-0.004274,-0.017851,0.0111,-0.008341,0.024432,0.002763,-0.066941,0.004014,0.000612,0.000499,0.019885,0.014486,-0.011889,0.000599,-0.000764,-0.000723,0.00528,-0.014542,0.00217,0.014107,0.0,0.007283,0.05155,0.015765,-0.001806,0.007449,0.009161,-0.002292,0.030621,9.5e-05,0.018037,0.028802,0.009494,0.008627,-0.024582,-0.008467,0.002726,0.017672,0.001387,-0.012165,0.011193,0.022287,-0.020111,-0.001252,0.025039,0.008641,0.011483,-0.039825,-0.023204,0.012724,0.01411,0.013218,-0.046942,-0.060078,0.018093,-0.007051,0.009768,0.001086,0.015559,0.000813,0.012546,0.02034,0.013544,0.018958,0.005989,-0.03024,-0.013802,0.026234,0.01748,-0.001891,-0.043699,-0.01118,0.017519,0.041717,0.006306,0.01064,0.006731,0.009789,-0.001015,-0.043707,0.008364,0.035119,0.015742,0.014288,0.020907,0.223868,0.021061,-0.010631,0.006112,0.021816,-0.015043,-0.002346,-0.009595,-0.012579,0.026822,-0.032203,0.034753,0.009242,0.016958,0.055191,-0.022473,0.029345,0.016498,0.035715,-0.072133,-0.009083,0.068049,0.01457,-0.008353,-0.014506,0.008692,0.005959,0.010996,0.006975,0.008561,0.022003,0.00395,0.019104,0.004034,0.002163
2026-07-27,0.012051,0.039369,0.017775,0.006515,-0.034887,0.002395,0.014313,0.026945,-0.039785,-0.017919,0.059139,0.064378,0.017543,-0.011962,0.03474,0.025371,-0.031825,0.009791,0.007063,-0.017874,0.025995,-0.004245,0.008607,0.028629,-0.039693,0.023978,0.013964,-0.010114,0.018612,-0.017447,-0.01273,-0.018889,0.018365,-0.00871,0.004658,0.00317,-0.005544,0.046485,0.082466,-0.015875,-0.012759,0.044925,-0.011097,0.014597,-0.001516,-0.000675,0.043217,-0.011085,0.081895,0.007377,0.016398,0.011728,0.014242,0.008282,0.007342,0.011915,0.019002,0.050526,-0.00534,0.022148,0.003258,-0.00505,0.003924,0.006589,-0.011505,0.026656,0.021886,0.063893,0.014345,0.03955,0.045148,-0.005706,0.035809,0.014017,0.061258,-0.001371,-0.014751,0.023205,0.005468,0.002702,0.019379,-0.032648,0.001211,-0.007756,0.028357,0.026996,0.002246,-0.014105,0.083932,0.011458,0.024892,0.022473,0.013688,0.005065,-0.008924,0.021344,0.038429,-0.004304,0.020064,0.033161,0.105774,0.00717,0.020497,0.012112,0.047595,-0.037549,0.046551,-0.091101,-0.02145,0.012707,0.019208,0.019461,0.010142,0.025694,-0.016121,-0.003595,0.033554,0.021583,0.017106,0.012579,0.008001,-0.018673,0.011187,0.002991,-0.009024,0.012713,0.012985,0.014514,0.005092,0.010072,-0.004144,0.002952,0.002533,-0.02136,-0.013265
2026-07-28,-0.000888,-0.008938,0.029436,0.006473,-0.010064,0.009817,0.008173,0.024833,0.005454,0.000922,-0.017377,0.061742,-0.013174,0.007433,0.011466,0.016564,-0.052698,0.006868,-0.002562,0.04937,0.016,0.002307,0.045959,0.040751,-0.012888,0.019478,0.018114,0.069445,0.000294,0.009339,-0.047985,0.015522,-0.009733,0.016269,0.012317,0.021136,0.013631,0.015235,0.001071,0.01329,0.00531,0.00969,-0.022232,0.024435,0.039793,0.027299,0.039492,0.015275,0.027447,-0.006144,0.029306,0.043867,0.032382,0.037766,-0.020795,0.028359,0.019826,0.008634,0.011742,0.032034,0.012343,0.014075,-0.011379,0.000536,0.01631,0.045494,0.04875,-0.020578,0.038908,-0.002746,0.057079,-0.001193,0.010207,0.017249,0.026024,0.026134,-0.006834,0.012295,-0.001501,0.024901,-0.077014,-0.067738,0.069203,-0.008917,0.009033,-0.036397,0.036975,0.010175,0.047378,0.003102,0.010704,-0.042525,0.022789,-0.009525,-0.052832,-0.046087,0.05566,0.012084,0.039232,0.035679,0.058409,0.036444,0.000654,0.019375,0.023739,0.01731,0.014627,-0.021686,-0.034046,0.037141,0.01534,0.02886,-0.01788,0.027133,0.028812,0.0,0.056008,0.021718,0.013084,0.005666,-0.02004,0.022772,0.009665,0.003578,-0.018588,0.018498,0.014688,0.01972,0.023348,0.012579,0.005448,-0.003883,0.018317,-0.013629,-0.003509
2026-07-29,0.001775,-0.032141,-0.034812,0.129896,-0.000232,-0.002074,-0.018232,-0.03126,0.049431,0.004837,-0.079904,0.028276,-0.010041,-0.009119,0.007793,-0.021796,-0.006841,-0.016179,0.0,0.003106,-0.071457,0.009655,0.052974,-0.004861,0.034118,0.006554,-0.017484,-0.023695,-0.015469,-0.013401,-0.069158,0.017386,0.025747,-0.002154,0.005341,-0.006216,-0.000514,-0.021821,-0.038793,0.001035,-0.00312,-0.031322,0.043548,-0.056224,-0.040268,-0.031357,0.022021,-0.006819,0.032501,-0.027702,-0.014546,-0.027852,0.034297,0.009223,0.000253,-0.026668,0.002745,-0.021727,-0.007656,-0.011557,-0.009489,0.001995,-0.024055,-0.013215,0.011912,0.04229,0.009135,-0.083092,0.029882,-0.031521,0.000336,-0.005026,0.006198,-0.000428,0.061894,0.001336,-0.016026,0.00305,-0.022507,0.009484,-0.002505,-0.026452,-0.036811,0.005126,-0.026225,-0.042953,-0.014441,-0.003945,0.026668,-0.006734,0.009648,-0.062092,-0.00868,0.004653,-0.047369,0.006418,0.003343,-0.004271,-0.027103,-0.020232,0.011353,-0.030892,-0.011181,0.008817,0.008329,0.023865,0.02832,0.067485,-0.015867,-0.028904,-0.001172,0.01617,-0.010833,0.01172,-0.004781,-0.03295,0.009474,0.008635,-0.001966,-0.024015,0.008131,0.03416,-0.028921,-0.0296,-0.026774,-0.00146,-0.007765,0.00344,-0.006117,-0.016101,-0.001087,-0.032468,-0.01153,0.018586,-0.013491
2026-07-30,0.069347,0.043813,0.00958,0.011268,0.001393,-0.014944,0.002827,-0.036606,-0.010133,0.019951,0.076559,-0.018263,0.043973,-0.010908,-0.026407,-0.030903,0.032084,0.008122,0.031568,-0.071134,-0.018576,0.051269,0.060519,0.035477,0.008183,-0.039081,0.006592,-0.000767,-0.016621,0.032038,0.099417,-0.013011,0.095258,0.0,-0.017659,-0.00078,0.026063,0.002767,0.016671,-0.014325,-0.023077,-0.009766,-0.000433,-0.02133,-0.018291,-0.012961,-0.006651,-0.000527,0.014797,0.018622,0.00183,-0.033202,-0.007049,0.007838,0.017313,-0.027399,-0.017777,0.031062,-0.028476,-0.017439,-0.013956,-0.014721,0.071335,0.072507,-0.011912,-0.027826,-0.006645,0.035129,-0.008584,-0.004876,0.001344,-0.03367,0.026825,0.001709,-0.001226,-0.097796,0.043087,-0.002287,-0.011235,-0.033176,0.019515,0.075481,0.003976,0.025314,0.002492,0.024918,-0.030714,0.003945,0.06987,-0.027933,-0.016422,0.013435,-0.032991,0.01816,0.159204,-0.0046,-0.005081,-0.017269,-0.026994,-0.032644,-0.073868,-0.004995,0.015097,-0.027816,-0.030607,-0.021115,-0.050986,-0.002841,0.064638,0.000634,-0.001173,-0.012024,0.018073,-0.009573,-0.046111,0.061354,-0.043357,-0.017743,-0.015677,0.029649,0.0339,-0.015031,0.001799,0.053131,0.053533,-0.02712,0.006964,-0.021872,-0.016497,0.00563,-0.014464,0.009745,-0.001935,0.005272,-0.005582
2026-07-31,-0.068904,-0.024041,0.005705,0.143288,0.019302,0.006304,-0.014009,0.011373,0.026885,-0.017846,-0.072049,-0.061372,-0.042689,-0.014237,-0.017923,-0.028542,0.016073,0.011826,-0.02645,0.008006,-0.100693,-0.014481,0.02751,0.012098,0.012108,-0.004539,-0.024388,-0.009034,-0.019219,0.029996,0.036581,-0.126679,-0.066782,0.001078,0.02524,-0.008617,0.007821,-0.000106,0.007629,0.012961,0.000639,0.010923,0.017271,-0.002631,0.012008,-0.019411,0.019821,-0.004751,0.035606,0.018688,-0.007339,-0.021209,0.008453,-0.015738,-0.01239,0.000868,0.001593,-0.023503,-0.010381,-0.001214,-0.008709,0.001684,-0.006317,-0.028297,-0.003602,-0.01617,-0.010223,0.019504,0.016152,-0.001223,-0.007074,-0.00149,-0.019847,-0.017661,-0.00228,0.005724,-0.015286,0.002541,-0.008652,-0.0069,-0.023823,0.002386,0.000972,0.010696,-0.002492,0.008956,-0.017413,-0.022754,0.018055,0.02063,-0.003142,-0.016412,-0.006165,0.005115,0.014155,0.010838,-0.011371,-0.012749,-0.012171,-0.027525,0.039235,-0.007073,-0.013775,-0.020901,-0.031574,0.001372,-0.044569,0.027749,-0.040541,-0.004923,-0.009434,-0.066341,0.027722,-0.000138,-0.003641,0.009292,-0.013216,0.000398,-0.004962,-0.027337,0.007668,0.011932,0.010013,-0.008173,-0.002165,0.015455,0.032391,-0.004926,-0.00595,-0.001053,-0.00509,0.008095,-0.02371,0.009957,-0.006966
2026-08-03,0.023644,0.056016,0.007932,-0.083487,0.000455,0.032095,0.043411,0.009929,-0.012131,-0.006635,0.060254,0.025106,0.036701,-0.022501,-0.011778,-0.019112,-0.000818,0.023241,0.040643,-0.008236,0.010423,0.015394,-0.035742,0.034384,-0.011017,0.017588,0.00384,-0.007078,-0.01574,0.059397,0.000718,-0.034511,-0.079739,-0.002156,0.010519,0.0,0.017255,0.023115,-0.003021,-0.004742,-0.004484,0.050808,0.006678,0.046711,0.021165,0.017005,0.016683,0.015227,0.027065,0.000203,-0.130642,0.056174,0.014507,0.022869,0.013633,0.001733,-0.001593,0.058874,-0.004085,0.008316,0.009606,0.025579,0.02049,-0.009001,0.007787,0.061964,-0.008369,0.046463,0.025129,0.00407,0.113039,-0.03361,-0.033486,-0.017979,0.081406,-0.001025,-0.01396,0.02827,0.029476,0.035662,-0.010854,0.034196,0.015389,-0.00254,-0.004752,0.004499,0.012161,0.002873,0.008907,0.015069,-0.000262,0.051711,-0.018032,-0.026278,0.019057,0.032362,0.017749,0.011561,0.054742,0.058708,0.029758,0.040452,0.009204,-0.002307,0.021932,0.006624,0.025005,-0.018309,0.052093,0.027943,0.062018,0.046492,0.036117,0.033082,0.025044,-0.005797,0.014309,-0.009188,0.008952,0.027337,-0.017278,0.030126,0.011322,-0.00176,0.015224,0.028238,0.018097,-0.002236,-0.001909,0.007698,0.002438,0.018292,0.011435,-0.012845,0.000226
2026-08-04,0.060446,0.032393,0.049184,0.013106,-0.005932,0.000579,0.014962,0.042553,-0.02945,0.006024,0.051209,0.007205,0.02063,-0.008634,0.012821,0.023557,-0.045624,0.024732,-0.013572,-0.026656,0.016071,0.052951,-0.011567,0.005267,-0.010291,0.017284,0.00922,0.013979,0.047993,0.041963,-0.241619,0.029416,0.013289,-0.021272,-0.005997,0.003926,-0.035656,-0.007716,0.061023,0.00658,-0.014552,0.040048,-0.01694,0.005804,0.027298,0.020774,-0.002761,0.009852,0.033263,0.005477,0.007839,0.04648,-0.01638,0.038649,0.012346,0.014611,-0.004394,0.019246,0.01817,0.00974,0.041069,-0.000656,0.026347,0.019338,0.017741,0.01962,-0.00346,0.068014,0.00367,-0.004886,0.028867,-0.011113,-0.020646,-0.005324,0.023041,-0.002787,0.001405,0.01712,0.030378,-0.004072,0.00218,-0.168138,0.047682,0.043201,0.077629,0.020798,0.039538,0.001147,0.011515,-0.0135,-0.017198,0.04322,-0.002672,-0.001456,0.018643,0.08031,0.005356,0.041915,0.037284,0.030949,0.057149,0.03178,0.023926,-0.024943,0.024446,0.012601,0.012435,-0.027947,-0.015307,0.025676,0.052073,-0.015477,-0.021227,-0.008337,0.000677,0.033165,0.055274,-0.006341,-0.000759,0.029886,0.003862,0.001037,0.039153,-0.003529,0.048566,0.006267,0.000677,0.005992,-0.000863,0.008676,-0.000221,0.017535,0.019222,-0.004603,-0.005652
2026-08-05,0.002035,0.00447,0.003218,-0.021053,-0.032088,0.001447,0.01967,-0.003003,-0.032362,0.001289,0.002413,0.00868,0.129196,-0.009481,-0.021657,0.005528,-0.015103,-0.001795,0.021506,0.010561,-0.017584,0.004638,-0.013543,-0.007911,-0.024896,0.012661,0.061071,0.107613,-0.031712,-0.00646,0.01587,0.004587,-0.06604,-0.014996,-0.003012,0.007029,0.023197,-0.030284,-0.016877,-0.010549,0.001302,-0.024463,-0.024472,0.010501,0.001182,-0.000674,0.006431,-0.008811,-0.004746,0.015657,-0.010466,0.000841,-0.021068,0.006196,0.033779,0.142873,0.005987,-0.00404,-0.00629,-0.015479,-0.01289,0.000984,-0.025313,0.014167,0.001757,-0.020904,0.003114,0.020714,-0.032576,0.010152,0.000587,0.006218,-0.003701,-0.009386,-0.032474,0.005421,0.00187,-0.077883,0.005486,0.008666,-0.00473,0.031041,0.002551,-0.005291,-0.003369,-0.020798,0.007221,-0.01443,-0.003764,-0.002093,-0.003654,-0.008988,0.010749,-0.016355,-0.01455,0.046088,0.005144,0.016959,0.002671,-0.017877,0.013263,0.014064,0.04681,-0.00435,-0.007634,0.000621,-0.001627,-0.067613,0.087137,0.003239,-0.036603,0.00318,0.0,-0.002772,-0.021388,-0.051945,-0.019844,0.014534,-0.010204,-0.006565,-0.02075,-0.019541,-0.006789,0.000589,-0.005311,-0.010498,0.002954,-0.000469,0.012628,0.002071,0.000664,-0.000268,0.012233,-0.020893,-0.010254
2026-08-06,-0.0415,-0.02438,-0.016922,0.010582,0.015475,-0.000868,-0.031895,-0.003012,0.052548,0.016235,-0.011309,0.003806,-0.001979,-0.010873,-0.054475,0.025042,0.04256,-0.012653,0.195407,-0.009618,-0.00231,0.003545,0.005513,0.004754,0.014841,-0.021487,0.012426,0.018206,-0.046741,-0.01184,0.005384,-0.023276,0.005434,0.026506,-0.047886,-0.003118,0.050815,0.054482,0.066512,0.008711,-0.003585,0.021821,0.012474,-0.032265,-0.004016,-0.015979,0.028883,-0.012572,0.125061,0.016004,0.011506,-0.002524,0.016843,-0.032646,0.061197,-0.002221,-0.072181,0.000736,-0.000485,0.002118,-0.003491,-0.004271,-0.001241,-0.018805,-0.006457,0.028662,0.00023,0.000363,0.019673,-0.018349,-0.001173,0.018678,0.005655,-0.016297,-0.01897,-0.010133,-0.029867,-0.041204,-0.036417,-0.008757,0.009076,-0.014013,-0.010023,-0.0243,0.015245,0.091202,-0.012064,-0.011696,0.000539,-0.0341,0.022774,-0.042476,-0.004669,0.014557,-0.022431,-0.002479,-0.021206,-0.01772,-0.0065,-0.047276,0.00755,-0.00921,0.082479,-0.005963,-0.028251,0.00093,-0.027073,-0.011088,-0.007963,-0.016988,-0.026668,0.001186,-0.030988,-0.004206,0.036843,0.064242,-0.070463,0.06249,-0.01089,-0.038606,0.001982,-0.003004,-0.014236,-0.017826,-0.003125,0.002792,-0.004562,-0.002582,0.001765,-0.003281,-0.008666,-0.008569,-0.008969,0.014723,-0.006434
2026-08-07,0.054825,-0.01752,0.008317,0.002628,-0.01029,0.002313,-0.093672,0.015595,0.029668,0.011668,0.013715,0.046992,0.121787,0.008036,0.024443,0.008565,0.018985,0.002271,0.128393,0.002707,0.027307,-0.005053,0.009665,-0.018886,0.007254,0.021487,-0.00975,0.00743,0.011351,0.033336,0.064958,-0.00039,-0.007038,0.022097,-0.008741,0.01087,-0.030566,0.023426,0.064803,-0.007916,0.0,-0.02844,0.009524,0.013862,0.001188,-0.053135,0.23798,0.0,0.016091,-0.011632,-0.003647,0.019191,0.03263,0.009527,0.025884,0.008856,-0.003857,0.05822,0.014144,-0.01661,0.01351,0.0,0.032983,0.0,0.016356,-0.002188,0.0023,0.054525,-0.021567,0.004517,-0.003528,0.010088,-0.007401,-0.012862,-0.000666,0.008817,-0.024849,0.017599,0.031736,0.028513,0.010426,-0.007758,0.002314,0.032967,0.044168,0.00659,0.026577,0.026699,0.023764,-0.014742,0.002789,0.021324,0.00805,-0.007865,0.006001,0.062653,-0.001717,0.008711,0.000384,0.037124,0.019066,0.014678,0.019461,0.012678,0.031765,-0.005699,0.001004,0.006252,0.099504,0.003703,0.007852,0.004731,0.003191,0.017657,-0.015568,-0.028171,-0.2472,0.017698,0.008971,0.006255,-0.015567,0.006916,0.009114,-0.026733,0.014144,0.000629,0.014793,0.000117,0.007452,-0.003639,0.003787,0.002271,0.013139,-0.011413,0.005288
2026-08-10,0.020644,0.003846,-0.050971,-0.010554,0.031014,-0.014544,-0.007533,-0.024845,0.086258,0.0155,-0.00321,0.006022,0.028197,-0.013517,0.00523,0.047876,0.047894,0.004527,0.028611,-0.037117,-0.02543,-0.021682,-0.01251,0.013602,0.045054,-0.027712,0.023765,0.034935,-0.024965,0.048875,-0.003781,-0.004697,0.043177,-0.023188,-0.032444,-0.013214,-0.022065,-0.054134,-0.033555,0.006338,-0.0148,-0.070814,0.04959,-0.015567,-0.01872,-0.021553,0.009075,-0.001055,-0.030508,0.00534,-0.0195,-0.015827,-0.014102,-0.024961,0.037172,-0.036667,-0.026982,0.018223,-0.015713,-0.003541,-0.008181,-0.015931,-0.012292,0.010789,-0.031188,-0.024227,-0.00207,0.065311,-0.038652,-0.033323,-0.02717,-0.010849,-0.006796,0.003231,0.014886,-0.041981,-0.004285,-0.014326,-0.035757,0.004923,0.000715,0.006581,0.007236,0.016383,-0.007154,0.032853,-0.038321,-0.024349,0.01961,-0.025628,-0.009708,-0.025472,-0.019012,0.055375,-0.016508,0.083462,-0.038221,-0.014815,-0.074403,0.002911,0.017151,-0.01226,0.033039,-0.038528,-0.025395,-0.013496,-0.029444,0.095058,-0.012029,0.023163,-0.019177,0.019801,-0.003683,0.015379,0.005684,0.03702,-0.03016,-0.002299,0.006318,0.007905,0.054281,-0.00415,-0.024958,-0.002466,-0.008817,0.0052,-0.001587,-0.001999,0.016522,0.003639,-0.012978,-0.003137,0.006035,0.045555,-0.011068
2026-08-11,-0.00236,0.015305,-0.003036,0.007926,0.007266,-0.007647,0.027907,0.019988,-0.009799,0.00366,0.014366,0.030975,-0.002495,0.005741,0.010259,0.049564,0.032589,0.011675,-0.011173,0.00705,0.014681,-0.029963,0.004401,-0.029299,0.023219,0.013292,-0.032413,0.01789,0.00123,-0.014584,0.02658,-0.003275,0.049055,-0.007118,-0.009942,0.011669,0.003794,-0.01518,-0.002628,-0.003428,-0.003984,0.027431,0.006946,0.01566,0.003531,-0.01002,-0.008374,0.008408,-0.00252,0.002758,0.001595,0.004189,0.007018,0.00839,0.025058,-0.026256,-0.016904,0.006453,0.016676,0.008445,0.011434,-0.003351,0.001216,0.036746,-0.004793,-0.023597,-0.0045,-0.003546,0.003933,-0.037545,-0.006072,-0.033797,0.005703,0.016454,0.008175,-0.007812,-0.010292,0.001904,0.02538,0.008557,-0.01295,0.007373,-0.009734,-0.002923,0.037929,0.024409,0.022208,0.015143,0.009407,0.003943,0.001493,0.004576,0.001182,0.040198,0.014601,-0.01006,-0.002764,0.0,0.001238,0.039891,-0.010192,0.006277,-0.006414,-0.02318,0.002537,-0.009844,-0.009426,0.02334,0.01799,-0.018449,-0.069563,0.006744,0.019248,0.001774,0.00213,0.02394,0.012616,0.017249,0.013272,0.004489,0.028083,-0.019657,0.001228,-0.043526,-0.001235,-0.00502,-0.0036,-0.003065,-0.002556,-0.000173,-0.007233,0.005941,0.001128,0.012386,0.011526
2026-08-12,-0.005529,-0.044043,-0.01532,0.05379,0.006315,-0.001182,-0.02618,-0.017108,-0.016131,-0.017086,-0.018393,0.014103,0.019143,0.002599,-0.003368,0.02389,-0.015204,-0.002458,-0.038771,-0.004248,-0.007708,0.044072,0.015973,0.017575,0.0109,-0.005296,0.011612,0.008369,-0.00082,-0.000541,-0.026159,-0.009094,0.02866,0.028171,0.018152,0.003089,0.034626,0.041998,-0.025266,0.001583,0.018784,-0.021954,-0.020153,-0.01566,-0.003438,-0.007864,0.010457,0.008338,0.002714,0.004514,-0.01499,-0.022834,0.046155,-0.016851,-0.011002,-0.00235,0.022622,0.01044,0.004646,0.00107,-0.008828,-0.000336,0.005453,-0.007664,0.008373,0.028155,0.002656,-0.000484,0.02232,-0.01328,0.041163,0.015104,-0.000875,0.03606,-0.018075,-0.010046,0.171332,-0.005996,-0.012678,0.007622,0.007574,0.007236,-0.000515,-0.020362,-0.021823,-0.009304,-0.007578,0.004614,-0.013023,0.01617,-0.059194,-0.022654,-0.000161,0.005423,0.011034,-0.002065,0.002764,0.00382,0.058876,-0.019035,-0.009024,-0.013723,-0.001073,-0.048916,-0.023392,-0.00181,-0.002458,-0.002772,0.017057,-0.001936,0.041847,-0.002704,0.020541,0.018812,-0.008153,-0.020642,-0.005176,0.003793,0.001882,0.003354,0.019232,-0.01644,-0.002633,-0.004523,0.014776,-0.009028,-0.011386,0.004594,0.002556,0.002074,0.009258,0.000969,-0.012474,0.00164,0.004802
2026-08-13,-0.031787,0.064879,-0.005806,0.019754,-0.00722,0.012339,0.008162,-0.001439,0.00075,0.004757,0.015219,-0.001608,-0.035179,0.00311,0.02792,-0.076508,-0.007304,0.009354,-0.0036,0.004612,-0.01873,-0.061358,0.008785,0.009337,-0.02208,0.029645,0.015276,-0.010961,-0.005512,0.016767,-0.029025,0.003436,0.015855,0.025318,0.004894,0.003848,0.103589,0.038135,-0.006173,0.002634,0.013297,-0.010866,-0.010768,-0.010291,-0.01406,0.031455,0.02871,0.003109,0.029938,0.002738,0.001617,0.01275,-0.010566,-0.000654,-0.024491,0.015565,-0.002195,0.038125,0.011441,0.02489,0.012928,0.017311,0.002615,-0.007223,0.01243,-0.017625,0.008155,-0.023038,0.006695,-0.000892,0.007569,0.007211,0.001968,0.019485,0.007105,0.010814,0.017145,0.018955,0.009965,0.013029,-0.042575,-0.00757,0.001764,0.050631,-0.011477,0.001058,-0.003464,0.004592,0.069774,0.007164,-0.027658,0.00175,0.014503,0.030688,-0.007758,0.082893,0.006085,0.003045,-0.228408,0.068091,0.075039,-0.015237,-0.009167,0.001915,0.000324,0.000533,-0.015949,0.0,-0.021446,-0.01012,-0.106141,-0.017783,0.151107,0.009757,0.034677,0.05239,0.076329,-0.007691,0.008051,0.004454,0.037768,0.01477,0.021903,0.025577,0.010063,0.020466,0.004739,0.010755,-0.000356,0.005853,0.014061,-0.000484,-0.005148,0.000492,0.004552
2026-08-14,0.011382,0.000383,-0.011322,-0.008594,0.021063,-0.004976,-0.001284,-0.005294,0.011682,0.011229,-0.02129,0.018454,0.01551,0.012854,0.012459,-0.007161,0.030772,-0.028329,-0.017281,-0.018329,0.006258,0.060489,-0.026864,-0.007463,0.017987,-0.004736,0.004944,-0.004347,-0.001073,-0.038786,0.022694,0.011675,-0.009596,0.016529,0.00568,0.003067,-0.058466,0.0239,-0.006649,0.022882,0.000644,-0.003649,0.001056,-0.001438,-0.001606,-0.001094,-0.010159,0.00773,-0.025882,0.024688,0.004835,-0.03787,0.004636,-0.008539,0.039677,0.001543,0.006572,0.305263,0.008809,-0.008529,0.000951,-0.00033,0.008402,-0.014731,0.001763,0.026284,0.003312,0.024652,-0.001908,0.005782,-0.026449,0.031572,0.01,0.036628,-0.005282,0.009482,-0.018129,0.017813,-0.007362,-0.011736,0.011556,0.052779,-0.012491,-0.049749,-0.022683,0.010864,-0.004637,0.021531,-0.038867,0.002194,0.026167,0.012307,0.007804,0.00429,0.019139,-0.027592,-0.015873,-0.002283,0.001953,-0.018792,-0.049757,0.004314,-0.048276,0.012824,-0.021734,0.005099,0.016652,0.040205,0.01219,-0.018439,0.050772,-0.005527,-0.029077,-0.006645,-0.004208,0.005195,-0.02927,-0.010685,0.009004,0.026317,-0.003652,-0.010186,0.00856,-0.001263,-0.003992,0.003548,-0.002113,0.001046,-0.006016,-0.001718,0.003319,0.003868,0.004387,0.013825,0.006112
2026-08-17,0.001212,-0.050118,-0.027061,-0.044115,-0.017898,-0.013292,-0.020775,-0.012463,0.027058,-0.026599,0.069399,0.010554,0.032612,-0.00307,-0.011405,0.020326,-0.014318,-0.025405,-0.007829,-0.008048,0.024719,0.004771,0.013567,0.003738,0.012781,-0.021375,-0.038142,0.023259,-0.010126,-0.014158,0.012203,-0.008776,0.032369,0.032261,0.0,0.000765,0.039195,-0.000579,0.023988,-0.007483,0.002572,-0.03211,-0.006404,-0.01454,-0.016684,-0.034128,-0.02551,-0.004115,-0.031133,-0.000381,-0.014032,-0.035718,-0.005854,-0.02674,0.004369,-0.008517,-0.003938,-0.003333,-0.010074,-0.001353,-0.015423,-0.020007,-0.002993,0.015231,-0.021366,-0.078278,-0.008358,-0.003716,-0.009597,0.000887,-0.024417,0.007184,-0.017456,-0.037915,-0.011988,-0.026841,0.005473,-0.019423,-0.011699,-0.011178,-0.00297,-0.031136,0.013922,-0.028832,-0.025976,-0.007434,-0.014985,-0.019242,-0.024032,-0.006046,-0.024254,-0.016834,-0.031317,0.029275,0.051897,-0.011907,-0.01058,-0.004237,0.006806,-0.017772,-0.006534,-0.014068,-0.01086,-0.006612,-0.050497,-0.019781,0.023269,0.049989,0.018163,0.009301,-0.126484,-0.022449,0.013716,-0.022719,-0.01373,-0.018829,-0.053753,-0.00285,-0.003888,0.016103,0.016027,-0.04119,-0.016328,-0.007614,0.00163,-0.019038,-0.012343,-0.016514,-0.001914,-0.010023,-0.009767,-0.001019,-0.005726,0.010764,-0.002938
2026-08-18,-0.008514,-0.012966,-0.032387,0.01788,0.024087,0.001189,-0.02194,-0.008834,0.018821,0.007847,-0.030772,0.021872,-0.020512,-0.00278,0.021192,-0.024441,0.011321,-0.014609,-0.030988,0.009281,-0.026389,0.008617,-0.020744,-0.022097,0.016791,0.007905,-0.00181,-0.026335,-0.02526,-0.004592,-0.054137,0.024689,0.006568,0.021461,0.010463,0.008381,-0.010743,-0.01428,-0.012354,0.000777,-0.010978,-0.039235,0.013448,-0.02488,-0.020101,-0.036507,-0.011236,-0.009322,-0.02436,-0.005734,-0.02476,-0.002731,0.147816,-0.010215,-0.009065,-0.003896,0.004811,0.075521,0.001423,0.002855,0.017796,0.00101,-0.02059,0.001872,-0.01755,-0.014473,0.020934,-0.038781,0.010552,-0.025125,-0.0129,-0.012669,0.00088,0.009402,-0.003692,0.019048,0.006,0.038735,-0.021693,0.00712,0.012927,-0.057259,-0.03163,0.004736,-0.025602,-0.037842,-0.012462,0.01812,0.025536,0.008782,-0.001338,-0.010593,0.016661,0.017441,-0.036889,-0.004663,-0.005949,-0.005806,0.018243,-0.035806,0.01733,-0.015082,0.015398,-0.003545,-0.015802,-0.008724,-0.017663,0.000282,-0.033817,-0.032879,0.001404,-0.000935,-0.008082,0.009687,0.014496,0.022965,0.001491,-0.015776,-0.020998,0.010593,0.008204,0.014449,-0.012555,0.008878,-0.025005,-0.003073,-0.003346,0.010572,0.015916,0.004505,-0.004471,-0.01487,-0.008845,0.017425,-0.003628
2026-08-19,0.037167,0.049981,-0.002503,0.010076,-0.011971,0.019412,0.014017,0.047177,0.02517,-3.3e-05,0.140441,0.039633,0.108765,-0.002345,0.021986,0.037435,-0.010562,0.000475,0.081912,-0.007914,0.027521,0.004388,-0.008718,0.016753,0.006608,0.040717,-0.016746,0.037988,0.01013,-0.054482,-0.001325,0.008436,0.001091,0.034609,0.018247,0.011317,0.035008,-0.009338,0.074347,-0.013549,0.009693,-0.001014,0.006058,0.029104,0.020581,-0.081087,0.023038,-0.034404,0.059341,0.001341,0.004447,0.038449,0.035299,0.032989,0.072126,0.007001,0.009985,0.006611,0.003627,-0.006926,0.015993,0.016022,-0.006548,0.001495,0.014546,0.079295,0.017079,-0.020914,0.020775,-0.000454,-0.016519,0.00772,0.024119,0.017707,0.02916,0.012803,-0.023792,0.02577,0.048467,0.011527,0.045903,0.042524,-0.06026,-0.019009,0.024447,0.006913,0.043355,-0.009586,0.049355,0.004906,-0.011545,-0.024101,0.012237,-0.004941,-0.027289,-0.007687,0.001865,0.012346,0.024437,0.044731,0.011439,0.009991,0.116336,0.000887,0.005647,-0.016232,0.001745,0.018149,0.110146,-0.07824,-0.027009,0.025651,0.029926,0.041871,-0.002136,0.04045,0.008902,0.005689,0.002838,0.029078,-0.010886,-0.010566,0.005948,0.042639,-0.010724,0.007574,0.018983,0.011155,0.034455,-0.006244,0.008034,-0.008864,0.01419,-0.001572,0.0
2026-08-20,-0.001963,-0.029927,-0.032261,0.067823,-0.007162,0.001164,-0.014241,-0.021707,0.021403,-0.009577,0.090795,-0.002524,0.019687,-0.002873,-0.03979,-0.041567,-0.010292,-0.018679,0.076928,0.023071,0.017657,-0.033441,0.013691,-0.011589,0.032474,-0.001681,-0.023611,0.004988,-0.009959,-0.057622,-0.037842,0.011264,-0.023991,-0.00955,0.003923,-0.00602,-0.002182,-0.031296,-0.012014,0.008099,0.002248,-0.003937,0.000416,-0.016907,-0.007814,-0.039832,-0.005536,-0.002156,-0.04337,-0.001916,0.000554,0.019975,-0.001754,-0.025488,-0.016218,-0.007001,-0.002595,0.027512,0.01127,0.014995,-0.001214,0.002315,-0.005352,-0.018598,0.000601,0.025562,0.001659,-0.068257,-0.005623,-0.035627,-0.015838,0.010856,-0.013182,0.003754,-0.007375,0.013688,-0.008585,0.01624,-0.043245,-0.035076,-0.02664,-0.044256,-0.033771,-0.051215,-0.000462,-0.01848,-0.02267,0.017411,0.005705,0.009202,0.006174,-0.024075,0.008337,-0.009496,-0.022301,-0.02291,-0.044007,-0.02249,-0.072681,-0.03974,-0.005474,-0.012164,-0.013695,-0.012046,-0.050775,0.01085,-0.009814,0.040667,0.040166,-0.053389,-0.015977,-0.036788,0.005036,-0.004728,-0.006271,0.015733,-0.016382,0.008705,-0.004924,-0.059027,-0.013813,0.014075,-0.016532,-0.033213,-0.002945,-0.005766,-0.016237,-0.014198,-0.018905,-0.009263,0.001998,-0.012054,-0.001906,0.00267,-0.005695
2026-08-21,0.021389,0.02604,0.012433,0.036786,-0.005405,-0.000582,0.023478,0.010358,-0.022785,0.015758,0.121839,0.030893,0.006554,-0.017415,0.001865,-0.011452,-0.075583,0.007705,0.066495,0.004479,0.018102,0.032159,0.016132,-0.007892,-0.000148,0.007544,0.004392,0.012751,-0.013521,0.008423,-0.019472,0.028901,0.097768,0.00101,0.003908,-0.00383,0.009471,0.030803,0.034734,-0.010989,-0.010644,0.035258,0.000208,0.020052,0.008102,-0.003097,0.018564,0.0,-0.004221,-0.002689,0.009379,0.02798,0.005345,-0.009556,0.032084,0.020858,0.005184,0.061127,-0.012057,0.010806,-0.001683,-0.0053,0.01088,0.012228,-0.002408,0.004211,0.006608,-0.017818,0.000939,0.012172,-0.007371,-0.007175,0.022797,-0.011304,-0.005443,-0.012779,0.047702,0.012805,0.008828,-0.011224,0.003235,-0.019697,0.013014,0.007278,-0.007659,0.000738,-0.024514,-0.020248,0.003313,-0.00432,0.009571,-0.000621,-0.017328,0.011887,-0.035539,0.026012,0.015114,-0.001177,0.011911,-0.009289,0.021571,-0.015347,0.006617,-0.001347,0.004311,0.007242,0.010512,-0.011759,0.025202,0.043252,-0.022207,0.005326,0.017724,0.044433,0.009993,0.079667,-0.010566,0.010638,0.00568,0.06005,0.021294,0.017541,0.0083,0.05001,0.001146,0.006484,0.011419,0.007822,0.012853,0.009263,0.0,0.002667,0.021141,-0.001727,-0.023112
2026-08-24,-0.017075,-0.001949,0.015642,0.169829,0.0,0.013303,-0.011006,-0.005723,-0.00996,0.003729,0.07962,0.006106,0.00126,0.009537,0.018343,0.013521,0.000413,0.006694,-0.005344,0.021506,0.00184,-0.029733,0.025352,0.048009,-0.011334,0.00873,0.000313,0.011419,-0.032518,-0.006638,-0.027048,0.012394,-0.038178,-0.005058,-0.00626,0.001534,0.006623,0.019084,0.038583,0.009166,0.004529,-0.026768,0.002495,-0.013519,-0.009168,0.024077,0.035467,-0.002702,0.017173,-0.006592,-0.009379,-0.043578,-0.003683,-0.005502,-0.001219,0.02417,-0.000862,0.009005,0.015785,0.005433,-0.006668,0.011557,-0.034902,0.014059,0.017329,-0.025773,0.009722,-0.038756,0.006551,0.010646,0.02572,0.003718,-0.001277,-0.002107,-0.002152,0.035378,-0.031948,0.020824,0.011651,0.036329,-0.037285,-0.011828,0.004137,-0.031343,-0.013251,-0.027881,0.025945,0.028565,-0.022297,-0.008696,0.007592,-0.000777,0.017014,-0.003754,-0.035924,-0.020694,0.003419,-0.007092,-0.050074,0.011421,0.001044,-0.021118,-0.048866,0.002693,0.025241,0.012818,-0.0084,-0.020093,0.021996,0.002577,-0.001498,-0.00499,0.003153,0.026543,-0.002297,0.003597,0.006805,-0.002283,-0.039274,0.013205,-0.008232,0.031404,-0.001232,0.015349,-0.017944,0.008225,0.00237,0.016836,0.000458,0.012792,0.00553,-0.006959,0.000747,-0.008363,0.010466
2026-08-25,0.027029,0.013758,0.000419,-0.03884,-0.010443,-0.007208,-0.020799,-0.00913,-0.038197,-0.007835,0.080783,-0.01225,0.034866,-0.004757,-0.025353,0.015377,-0.007047,0.003568,0.069478,-0.005452,-0.011986,0.01617,-0.01483,-0.026387,-0.011388,-0.028975,-0.004076,-0.003153,-0.001883,-0.028189,0.0,0.002894,-0.003688,-0.028287,0.010152,-0.00307,-0.001536,-0.007785,-0.0017,-0.002349,-0.005827,0.015153,-0.017488,-0.026693,-0.012978,-0.003466,-0.035467,-0.00597,0.033294,0.01218,0.002768,-0.002623,-0.000738,-0.002071,-0.012365,0.002236,-0.008227,-0.006194,-0.009347,0.015835,-0.010419,-0.008241,-0.004237,0.017999,-0.01132,-0.017396,-0.003812,-0.043161,0.006509,-0.02896,-0.005028,0.006658,0.006367,0.007147,0.001656,-0.005859,0.004385,0.010726,0.012606,0.013642,0.018085,0.016239,0.011825,-0.002753,0.053663,0.007938,0.001878,0.01371,-0.024125,0.001636,-0.007973,-0.012197,0.012767,-0.021134,-0.021302,-0.056547,-0.002426,-0.02929,0.033158,0.014794,-0.022158,0.004035,0.062972,-0.002693,0.013687,-0.008019,0.009794,-0.021625,0.01542,0.007864,0.020772,0.008445,0.001769,-0.038522,-0.005546,0.016029,-0.001508,-0.004398,0.016745,0.077634,-0.016288,0.010128,0.009289,0.041876,0.009343,0.007628,-0.002963,-0.010692,0.003371,0.001545,0.000662,-0.003358,0.0,-0.016778,0.00208
2026-08-26,-0.003434,-0.019236,0.004602,-0.028114,0.030564,-0.011642,0.011013,0.005296,-0.003877,0.009205,0.005129,-0.010532,-0.013017,0.01054,0.024896,0.0,0.008285,-0.010741,-0.043414,-0.012919,-0.007817,0.03,0.002056,-0.005644,-0.009373,-0.010278,0.021754,-0.00857,-0.00983,0.020291,0.018113,-0.002049,0.054942,-0.045353,-0.019616,-0.010043,-0.043362,-0.021827,0.011282,0.022479,-0.002926,0.02176,0.019977,0.006066,0.007046,0.017212,0.036124,0.004887,-0.002685,-0.016468,-0.006656,0.002623,-0.016006,0.003449,-0.000665,-0.004478,-0.025095,-0.019226,-0.003292,-0.004044,-0.002765,-0.010649,0.002121,0.00315,-0.004805,-0.032533,-0.01717,-0.016807,-0.000927,0.015519,-0.01748,-0.00394,-0.022247,-0.015622,-0.02124,0.015308,0.017766,-0.002611,-0.016613,-0.033799,0.002192,0.022025,0.020986,0.028753,-0.02883,-0.026516,-0.019179,-0.007655,-0.002974,0.001089,-0.023819,0.002828,0.000928,0.02225,0.021221,0.036872,-0.007866,0.002034,-0.003015,-0.028371,0.006835,0.002432,-0.026357,-0.008576,-0.009979,0.005101,-0.007687,-0.009009,-0.02898,0.020644,-0.034357,-0.002787,-0.019838,0.003481,-0.011074,0.00967,-0.016743,-0.003957,0.001061,0.033964,0.022138,-0.002591,0.011276,0.000562,0.006034,-0.005049,-0.00672,-0.002894,-0.010034,-0.000858,-0.00597,0.010816,0.001678,0.005944,0.004607
2026-08-27,0.010647,0.013381,-0.030511,-0.006129,-0.00266,-0.021303,-0.010109,-0.008519,0.028481,-0.003888,0.072645,0.022579,-0.002018,-0.010805,-0.045388,0.004061,0.012708,-0.005776,-0.016542,-0.040666,-0.03182,-0.019542,-0.006629,-0.013842,-0.00838,0.00215,0.003069,0.004429,0.004882,0.186471,-0.002365,-0.005808,-0.006768,0.054699,0.005531,0.001552,0.063153,0.018108,-0.007507,-0.002302,-0.011462,-0.040199,0.014699,-0.011916,-0.003909,0.006379,-0.007916,0.001624,-0.009647,0.006232,0.015461,-0.010536,-0.015123,-0.01877,0.028482,-0.003747,-0.004021,-0.017313,-0.00915,-0.003625,-0.011909,-0.022328,0.009279,-0.001453,-0.012724,-0.023952,-0.011388,-0.020042,-0.022515,-0.017891,-0.036902,0.00394,-0.044,-0.042597,-0.016704,-0.021201,-0.010314,-0.020411,-0.023817,-0.008142,-0.022514,-0.015008,-0.001702,0.251802,-0.023182,0.014108,-0.006837,-0.01493,0.052699,-0.004911,-0.003421,0.001724,-0.018826,-0.010041,0.008236,0.107314,-0.018094,-0.0168,0.005521,0.024166,0.036708,-0.012691,0.04715,0.002264,-0.02319,-0.000866,-0.000351,0.040188,0.023866,-0.000254,-0.00457,-0.023168,-0.024542,0.011456,-0.01041,-0.035623,0.029492,-0.006289,-0.026483,0.020546,-0.004146,0.005921,-0.00311,-0.007326,0.03107,-0.010713,-0.010985,-0.01389,-0.011358,-0.006544,-0.009582,-0.008576,-0.008232,-0.002245,-0.007613
2026-08-28,-0.048431,0.003478,-0.00043,0.014242,-0.01071,0.002986,0.008543,-0.02567,0.003768,0.00854,-0.061544,-0.014927,-0.052877,-0.002122,-0.013494,-0.005079,-0.01312,-0.002417,-0.028843,0.005751,-0.00987,-0.052852,0.032972,-0.016534,0.006388,0.004714,-0.000613,-0.016704,-0.021883,-0.042842,-0.038615,0.01804,0.049078,0.015894,0.000788,0.000775,0.007808,-0.030263,-0.01969,-0.000769,0.000329,-0.032946,0.001631,-0.000759,-0.01559,0.016814,0.020971,-0.004336,0.026214,-0.02397,-0.021042,0.020097,-0.009954,-0.007042,-0.011053,0.007479,-0.002689,-0.006675,0.007106,0.002031,0.010763,0.000342,-0.022072,-0.031003,-0.005503,0.033142,0.006715,-0.039794,0.012259,0.011337,-0.015759,-0.001722,0.017922,-0.018826,0.014335,0.014378,0.020248,0.008696,0.007486,0.02032,-0.033786,-0.029178,-0.007437,-0.039399,-0.022285,-0.018176,0.004563,-0.078187,0.000314,0.011422,-0.012514,-0.001097,0.007375,0.017362,-0.031247,-0.139879,-0.019107,-0.006218,-0.017673,-0.033563,0.012327,0.008948,-0.035406,-0.007719,0.010453,0.001732,0.001403,-0.005175,-0.045093,-0.004973,0.0,0.026257,0.005937,-0.016712,0.025916,0.069174,0.011115,-0.004743,0.010246,-0.043367,0.016511,-0.009546,-0.008166,-0.001132,-0.015603,0.014082,0.011412,0.004339,-0.002451,0.003794,-0.004039,-0.009327,-0.00094,0.006242,-0.010476
2026-08-31,-0.010776,-0.043499,-0.013871,0.047346,0.005815,-0.007181,-0.021954,-0.02092,0.014238,0.004437,0.108025,-0.003922,-0.011302,-0.013366,-0.028171,-0.012295,-0.002893,-0.002665,-0.005477,-0.016214,0.065638,0.006986,-0.022246,-0.010615,0.016284,0.012322,-0.002149,-0.011247,0.00945,0.056089,0.004419,0.008663,0.002392,-0.003057,-0.03119,-0.00155,-0.001796,-0.0197,0.046455,-0.005139,-0.012258,-0.013833,0.0,-0.016845,-0.004685,-0.007952,-0.005202,-0.009825,-0.087166,0.023581,0.02814,-0.031637,-0.008598,-0.007092,0.010868,-0.008982,-0.015834,0.053186,-0.002836,-0.011224,-0.01115,-0.003426,0.008121,-0.017394,-0.008002,-0.010954,-0.011103,-0.094762,0.00747,-0.025209,-0.10803,-0.007413,-0.027689,-0.015504,-0.012961,-0.002479,-0.004954,-0.02262,-0.023205,-0.019254,-0.021859,-0.00904,-0.003439,0.04015,0.002287,-0.010144,-0.021189,-0.223897,-0.015818,-0.020214,-0.016799,0.011846,-0.024211,0.010477,0.007257,-0.000107,-0.038936,-0.03814,-0.01385,-0.026492,0.003453,-0.0242,-0.010204,-0.001368,-0.005092,-0.012735,-0.013049,0.015176,0.008545,-0.008774,-0.026297,-0.021055,-0.00861,-0.014195,-0.005141,-0.026577,0.010993,-0.022914,-0.001962,0.010106,0.018446,-0.012582,0.002091,0.031766,0.004353,-0.013634,-0.005304,-0.005515,-0.003629,-0.006735,-0.008353,-0.011412,-0.009257,0.020215,-0.01177
2026-09-01,-0.02355,-0.06249,-0.028782,0.009588,0.002673,0.003597,-0.020576,-0.010883,0.026302,-0.013468,-0.009125,0.01172,-0.055787,0.012834,0.030473,0.022427,0.038966,-0.036565,-0.028249,0.001266,-0.04713,0.032261,0.026757,-0.023584,0.027544,0.001266,-0.011436,-0.020681,-0.004026,-0.071454,0.003912,0.038104,0.023842,0.004581,-0.025505,-0.011705,0.018115,-0.042107,-0.032716,0.01178,0.003992,-0.017936,0.018371,-0.014153,-0.016724,-0.006745,-0.005229,-0.012789,-0.024193,0.016182,0.023126,-0.031749,-0.010926,-0.031818,-0.018744,-0.013626,-0.013312,0.000794,0.006763,0.001904,0.007415,-0.000343,-0.00555,0.000254,0.005547,0.028267,-0.007585,-0.008723,-0.019728,-0.019456,-0.036814,0.026433,0.000685,-0.025129,-0.037245,0.015792,0.00193,0.030526,-0.028488,-0.007306,-0.016713,-0.005555,0.009092,-0.038948,-0.00918,0.050563,-0.005153,0.057828,-0.038354,-0.021194,0.000302,-0.039609,-0.000801,0.021822,0.007058,-0.051158,-0.011376,-0.020511,-0.006218,-0.028746,0.016383,-0.021851,0.06646,-0.0032,-0.012474,-0.000877,-0.019717,0.022867,-0.048484,0.006299,-0.035091,-0.019963,0.027015,0.017682,0.009487,0.019786,0.004364,0.017211,-0.006775,0.061162,0.008517,0.000312,-0.012261,0.026524,-0.015454,-0.005217,-0.017303,0.003172,0.006604,-0.008877,-0.001588,-0.013799,-0.011837,0.012585,0.007784
2026-09-02,0.013061,0.057643,0.008054,0.018904,0.001334,-0.01295,0.00373,0.013079,0.008989,0.013436,0.013245,0.07234,0.067917,-0.010415,0.051535,0.024889,0.0,-0.000755,0.000807,-0.002534,-0.020536,0.044858,-0.018258,0.011719,0.007389,0.002948,0.041705,0.03282,0.035929,-0.055691,0.001463,0.025212,0.001166,0.019115,0.023879,0.000785,0.015477,0.037354,0.017098,0.002035,-0.004993,-0.000946,-0.006623,0.01621,-0.008571,0.013863,-0.017185,0.022684,0.063984,0.015172,0.00847,0.01191,0.00947,0.001468,0.02142,0.008349,0.021487,-0.008563,-0.005501,0.008595,-0.015762,-0.010005,0.005337,0.01739,0.003068,0.001103,0.002724,-0.01644,0.013195,0.004899,-0.008237,0.004098,0.015841,0.000942,0.02724,-0.000144,-0.013168,0.012567,-0.001631,-0.004122,0.026531,0.014325,0.046724,-0.019905,0.013858,-0.024532,0.017678,-0.053317,-0.014518,0.02505,0.001209,0.005524,0.004212,0.01602,-0.000998,-0.013897,-0.000376,-0.006636,0.007766,0.03987,0.025254,0.013458,0.001917,0.025318,0.005767,0.011121,0.072607,0.006551,0.0522,0.05627,0.003241,-0.016551,-0.011083,-0.002385,0.027826,-0.004268,0.054373,-0.017688,0.009482,-0.011241,0.011263,0.005499,0.048169,0.06564,-0.000218,0.013793,0.002353,0.003279,0.007428,0.00801,-0.007064,0.000289,0.016759,0.005082,0.002581
2026-09-03,-0.003656,0.00283,0.010638,0.007463,-0.002224,-0.008524,0.023915,0.021205,-0.011701,-0.017046,0.097849,-0.002475,0.040652,0.01015,0.005616,-0.007897,0.045524,0.017722,0.020751,-0.036039,0.004849,0.002388,0.006853,-0.0057,-0.010846,-0.071911,0.035441,0.005435,0.000619,0.055226,-0.000487,-0.015119,0.01526,0.005961,-0.018892,0.006255,0.007793,0.003928,0.000466,-0.004839,-0.00905,0.00982,-0.002722,-0.005564,0.017068,0.036859,0.013245,0.01034,0.0073,-0.02169,0.013613,-0.025832,-0.00068,0.005123,-0.04968,0.017235,-0.005442,-0.005817,0.017343,-0.003051,-0.009007,-0.013615,-0.000426,-0.008531,-0.011711,0.007686,0.006439,0.002471,-0.001874,0.011662,0.02451,0.007907,-0.000674,-0.015181,-0.009581,-0.001007,0.054045,-0.000236,0.001483,-0.052821,0.010109,0.006729,-0.005699,0.043596,-0.011071,-0.004787,-0.014117,0.046179,0.018322,-0.025614,-0.001713,-0.01026,-0.009462,-0.0056,0.015079,0.055334,-0.000188,-0.031563,0.007194,0.047525,0.05077,0.001936,-0.008175,-0.016656,0.003542,0.010462,0.002354,-0.018185,0.029752,-0.006523,0.055089,-0.013545,0.006665,0.003971,0.003837,0.025339,0.036441,-0.003633,0.005392,-0.004357,0.012487,0.011624,0.028642,0.0005,0.012826,0.008503,0.013834,-0.003162,0.001791,0.015488,0.011821,0.010249,-0.006252,-0.007401,0.008401
2026-09-04,-0.011873,-0.026596,0.002202,-0.011215,0.006214,-0.007364,-0.004327,-0.000826,-0.032435,-0.009744,0.011861,-0.018081,-0.036994,-0.002128,0.031281,-0.012968,-0.008787,-0.002725,-0.009923,-0.018585,0.001587,-0.007599,0.001313,0.001428,-0.010816,-0.034478,-0.00809,-0.016671,0.000707,-0.008737,0.001462,-0.008613,0.020891,0.033125,0.001657,0.005441,0.026528,0.00381,0.020823,-0.005889,-0.002022,0.004275,-0.011576,0.004638,0.004924,0.006812,-0.052679,0.01077,0.017151,0.002497,-0.003647,-0.025557,0.00068,0.015931,0.011362,0.006664,0.002725,-0.016224,-0.003724,0.001454,-0.004139,-0.002111,0.005522,-0.001765,-0.002483,-0.002921,-0.008367,-0.013416,-0.003759,0.017242,-0.005781,-0.016605,-0.00315,-0.000957,-0.026787,-0.008817,0.034047,-0.013525,-0.002077,-0.002369,-0.017561,0.062222,-0.005348,0.001056,-0.003637,0.012021,0.015204,0.024063,-0.043514,0.016779,-0.005258,0.023138,-0.019746,0.001687,0.006991,0.016469,-0.001357,0.000916,0.017762,-0.011316,-0.039671,0.020005,-0.030394,-0.002727,0.039211,-0.010896,-0.02655,-0.025469,-0.045773,-0.016268,0.010663,-0.015906,0.00181,0.002618,-0.035182,0.009959,-0.044723,-0.00355,0.003611,-0.005693,8.1e-05,-0.004339,0.019716,-0.007025,0.007019,-0.011978,-0.013399,-0.008008,-0.010502,-0.007886,-0.007258,0.004059,-0.003427,-0.008704,0.001161
2026-09-08,0.002468,-0.003739,-0.022243,-0.02474,0.013187,-0.005249,-0.043612,-0.027831,0.018073,-0.011887,0.000737,0.042001,0.0047,0.001597,-0.010468,-0.093605,0.026507,-0.026139,-0.010022,0.002676,-0.035885,-0.028404,-0.049289,0.03174,0.005793,0.017618,-0.021109,-0.027195,-0.021879,-0.014559,0.007759,-0.022561,0.035757,-0.002399,-0.009148,-0.000775,-0.020937,0.015906,-0.050109,-0.002829,0.008399,-0.003739,0.002856,-0.020257,-0.006335,-0.035362,-0.052681,-0.018925,0.008658,-0.012744,-0.014192,-0.053162,-0.000778,-0.035091,0.010761,-0.013373,0.000907,-0.024003,0.007589,-0.006852,-0.005546,-0.006006,0.01242,-0.03063,-0.01125,-0.006767,0.003287,-0.00728,0.008439,-0.010022,0.025946,0.019227,-0.008829,-0.008167,-0.031412,-0.010361,-0.020132,-0.017107,-0.044027,-0.003455,0.009014,0.005196,-0.01805,-0.017771,-0.000486,0.023617,-0.029772,0.035718,-0.032055,-0.021868,-0.018832,-0.018402,0.011981,0.015752,0.023176,-0.022019,-0.002605,0.000915,-0.012146,-0.017941,-0.044582,-0.031284,-0.002991,0.001819,-0.031318,-0.014092,-0.006576,0.035583,-0.005669,-0.007256,-0.077143,-0.092204,0.02009,-0.010576,0.000936,0.026081,-0.028824,-0.009173,-0.019479,-0.01817,0.032196,-0.034412,-0.001281,0.006524,0.003145,-0.004563,-0.008039,-0.006643,-0.02552,-0.013865,-0.000683,-0.004861,-0.00958,0.011022,0.008552
2026-09-09,0.003281,-0.056065,-0.021829,0.003846,-0.002624,-0.001859,-0.023638,-0.016974,0.029191,-0.008331,-0.017456,-0.013114,0.000117,-0.005599,-0.01466,-0.029085,-0.104696,-0.019283,-0.032347,-0.021614,-0.009082,-0.032116,0.003942,-0.022932,0.010973,0.0055,0.002072,-0.008621,-0.000361,-0.010627,-0.026433,-0.013478,0.034313,0.018087,0.008319,-0.004666,0.024292,-0.015597,-0.041397,0.01254,-0.010425,-0.026162,-0.016119,-0.019391,-0.008815,-0.011652,-0.031183,-0.007121,-0.006149,0.009284,0.051584,-0.03918,0.003107,-0.011223,-0.011718,-0.008261,-0.00136,-0.022878,-0.008056,-0.005721,0.000199,-0.001418,-0.015602,-0.004304,-0.043681,-0.022084,-0.009209,-0.119485,-0.018851,-0.024273,-0.045857,0.012772,-0.01489,-0.015067,-0.094086,-0.004116,-0.01299,0.006781,-0.009513,-0.027581,-0.117442,-0.036343,0.005872,0.030237,-0.02947,-0.088655,-0.043463,-0.04344,-0.037172,0.011274,-0.012057,-0.03515,0.005291,0.006309,-0.019068,-0.031147,-0.018083,-0.01474,-0.039465,-0.027902,-0.007867,-0.02535,-0.042321,-0.070097,0.214811,-0.008618,-0.009069,0.005809,0.017709,0.00158,-0.016502,-0.003769,0.017181,-0.032417,-0.024233,-0.054559,-0.010036,-0.056263,-0.010386,-0.033655,0.015808,0.016657,-0.043054,-0.04869,0.0,-0.006206,-0.013513,-0.011612,-0.003296,-0.004197,-0.011225,-0.015193,-0.010646,0.008303,-0.011807
2026-09-10,-0.007811,-0.002351,-0.028447,0.005742,-0.025273,-0.021317,-0.013021,-0.019557,-0.006938,-0.0054,0.007837,-0.001321,0.008055,-0.007245,0.000681,-0.060838,0.035063,-0.012277,0.000416,0.006533,-0.045426,-0.052299,0.004382,-0.005674,0.003728,-0.043912,0.010588,-0.019408,0.050715,0.005088,0.004454,-0.003073,0.018063,0.010791,0.009072,-0.021269,0.017291,0.006248,-0.044125,0.000254,-0.01636,-0.049841,0.002584,-0.016996,-0.011464,-0.013485,-0.023656,0.003841,-0.001543,0.014336,0.024827,-0.012699,-0.020567,-0.031336,-0.026215,0.017197,0.004527,-0.025609,-0.019793,0.021108,0.004062,-0.022247,-0.000638,-0.031466,0.0,-0.057577,0.003193,-0.023848,0.010412,-0.011367,-0.002764,-0.001176,-0.016991,-0.019783,0.000408,0.01317,-0.021762,0.009369,-0.029739,0.002664,-0.041663,-0.032775,-0.009545,-0.009481,0.015522,-0.022103,-0.028056,-0.01134,-0.017142,0.013363,-0.013475,-0.022527,0.021627,-0.008743,-0.013246,0.001013,-0.002891,0.000928,-0.002652,-0.018032,-0.008653,-0.00402,-0.021053,0.003405,-0.047664,0.00487,0.011843,0.005252,-0.037669,-0.015112,-0.010034,-0.019729,-0.006214,-0.011429,-0.001015,-0.038983,0.006463,-0.014366,0.009392,-0.021506,-0.009091,0.006634,-0.036975,0.047689,-0.014206,0.006027,-0.004456,0.000481,-0.005538,-0.003335,-0.008328,-0.007244,-0.012335,-0.005835,-0.009829
2026-09-11,-0.001239,0.049497,0.021989,0.009497,-0.009475,-0.002538,0.001976,0.01192,0.004481,-0.007589,0.026414,0.029397,0.012364,-0.009199,0.0303,-0.02072,-0.029683,0.004458,0.012402,0.003656,-0.04025,-0.024152,0.006176,-0.001993,0.00226,0.002861,0.014234,0.019084,0.019638,-0.010202,-0.004454,-0.007008,0.021576,0.026251,0.001641,-0.00319,0.043342,0.00631,0.011938,-0.010993,-0.01071,0.020292,-0.021284,0.007319,0.007078,-0.022309,0.030421,0.002734,0.00135,0.003789,0.036595,0.011646,0.016,0.0177,-0.038918,0.004438,0.004507,0.092128,-0.005888,0.01558,-0.006349,-0.000726,0.005725,-0.056603,-0.00263,-0.012929,0.005224,0.02555,-0.014225,0.001986,0.014914,-0.005426,0.005385,0.001497,0.02037,0.002758,-0.014821,0.013538,0.035987,0.025108,0.042102,0.016081,0.015421,-0.027311,0.029142,-0.018378,-0.019696,-0.016529,0.000939,-0.013363,-0.004355,0.00979,0.006775,0.003707,0.050195,-0.025748,0.004353,0.00831,0.01476,-0.000758,-0.00174,0.009022,0.011634,-0.016157,0.025763,-0.002432,0.009306,-0.002098,0.000828,0.011366,0.013356,0.020346,-0.017289,0.000642,0.028765,-0.000884,0.026141,-0.007524,0.003673,0.003774,0.012864,0.013275,-0.011874,-0.005523,0.013141,0.009817,0.008892,0.003484,-0.001813,0.00666,0.008558,0.010615,0.003736,0.003229,-0.003062
2026-09-14,0.023684,0.026793,-0.015859,-0.04643,-0.020147,0.004754,-0.027269,-0.000174,0.006684,-0.014865,0.04979,0.02266,-0.008998,-0.003813,0.043427,0.013456,-0.017066,-0.014256,0.067897,0.01396,-0.025288,0.000958,0.021408,-0.007152,-0.004963,0.011834,0.003743,-0.018681,-0.02084,0.129739,-0.029703,-0.016343,-0.020959,0.006795,0.009788,-0.008825,0.045815,0.011901,-0.001549,-0.005155,-0.000695,-0.04588,-0.015194,-0.011972,-0.017946,0.003032,0.046111,0.0,0.016634,-0.027215,0.021979,0.002103,0.034645,-0.018476,-0.02391,0.027658,0.005828,-0.00684,-0.004479,0.007207,-0.018683,0.001814,-0.023964,-0.016406,0.009827,0.029098,0.011934,-0.015424,0.01234,0.003466,0.012774,0.008715,-0.01009,0.006463,0.009142,0.023355,-0.030318,0.01777,0.010225,-0.010725,-0.019487,-0.044977,-0.018675,0.113168,-0.086707,-0.030061,-0.005738,-0.014599,0.063294,0.006147,-0.008338,0.006983,0.019694,-0.009332,-0.044892,0.145291,-0.018624,0.003671,0.016606,0.019535,0.048154,0.00597,0.087055,0.002465,0.004875,-0.010236,0.007519,0.024116,-0.040259,-0.02218,0.009901,0.022641,0.01943,0.01825,0.003121,0.02704,0.042995,-0.00568,-0.009157,0.013561,-0.019319,0.019923,-0.029954,-0.013433,-0.018229,0.021699,-0.000974,0.012396,0.01435,-0.00385,-0.006933,-0.014257,-0.009069,-0.009409,-0.013538
2026-09-15,0.073877,-0.017736,-0.008025,-0.005958,-0.013504,0.010172,-0.000761,-0.002792,0.051504,0.011875,-0.051602,0.007678,-0.00616,-0.00932,-0.016909,-0.008542,0.022006,-0.012845,0.089886,-0.008433,-0.001433,-0.009986,-0.058202,-0.02618,0.03275,0.005163,0.006302,-0.000842,0.049224,0.029759,-0.025881,0.010245,0.070267,-0.000452,0.005666,-0.014611,0.037062,-0.009469,-0.013422,0.002838,-0.027486,-0.004602,0.008847,-0.001973,-0.001458,0.017153,-0.051369,-0.002734,-0.001043,-0.021206,-0.00836,0.026221,-0.001035,-0.009368,-0.041276,0.00644,-0.010787,-0.024728,0.001442,0.0,0.004451,0.001811,0.022767,-0.023786,-0.011144,-0.025068,-0.001239,0.075649,-0.010432,-0.020475,0.003456,0.019048,-0.027013,-0.010461,-0.053847,0.00445,-0.034769,0.028557,0.021202,-0.015665,-0.055161,-0.023129,0.016321,0.021227,0.016439,-0.009603,-0.030326,-0.033648,-0.076524,0.013282,-0.046019,-0.017636,-0.003856,0.030156,-0.014037,0.032886,-0.023939,0.005026,-0.03776,-0.018776,0.00152,-0.002085,0.113759,-0.011389,-0.008773,-0.000895,0.005094,0.05629,0.012277,0.0198,-0.035091,-0.001314,-0.012911,-0.027469,-0.013375,-0.001723,0.002002,-0.029872,-0.023676,-0.030656,0.036133,-0.004498,-0.012613,-0.003323,-0.002935,-0.009079,-0.017611,-0.008207,-0.000537,-0.003161,-0.00116,-0.006376,0.004742,0.021463,-0.012028
2026-09-16,0.036435,-0.0071,0.021103,0.015811,-0.008002,-0.007619,-0.025708,-0.005784,-0.056848,-0.012049,-0.00582,0.016232,0.002213,0.011773,-0.008509,0.032553,-0.06621,-0.002697,-0.010228,-0.001345,-0.013334,-0.001452,0.029798,0.002943,-0.063435,0.001403,0.002298,0.00194,-0.035056,-0.004671,0.004708,-0.028956,0.016727,0.039846,-0.009732,-0.00574,0.024005,0.00967,-0.021814,-0.018726,-0.043819,-0.010921,-0.060028,-0.015868,0.001562,-0.009499,-0.029032,-0.020471,-0.020034,-0.000596,0.024875,0.0,0.000377,0.014019,0.012153,-0.008596,-0.016861,-0.000621,0.010668,-0.020915,-0.005973,-0.015679,0.004027,0.018695,-0.015278,-0.000536,-0.009514,-0.014246,-0.008617,-0.008614,0.049721,-0.008782,-0.005101,0.001501,-0.000835,0.004146,0.056557,-0.018641,-0.028058,0.015859,0.000945,0.013029,0.007161,-0.01231,-0.014054,0.007537,-0.005524,0.015095,-0.011289,-0.019429,0.023219,-0.046133,-0.012441,-0.001133,0.009622,0.013715,0.018362,0.022088,-0.00214,-0.018363,0.015209,-0.008184,0.028828,-0.006495,0.030277,-0.009108,-0.033061,-0.078833,-0.000568,-0.004147,0.001699,0.011514,-0.00751,0.001812,-0.023604,-0.00432,-0.034591,0.005419,-0.00205,0.007634,0.015594,0.004029,0.079193,0.011708,0.001033,-0.009074,-0.006333,-0.004789,0.000656,-0.016315,-0.006055,-0.000829,-0.00732,-0.029242,0.0
2026-09-17,0.031308,-0.018328,-0.002788,0.045985,0.004244,-0.003192,-0.005484,0.000703,0.014848,-0.00335,0.031247,0.034065,0.031491,0.000544,0.033005,0.031526,0.0,0.004312,0.091727,-0.002696,-0.014815,0.027824,0.004367,0.014296,0.004892,-0.009866,0.000861,0.029764,0.019886,0.017822,-0.001567,0.006398,0.020338,-0.009595,-0.001631,0.010634,0.018242,0.004201,-0.000964,0.009407,0.000373,0.002854,-0.004631,-0.009519,0.00104,0.017631,0.012327,0.00835,0.028822,0.008502,0.035311,0.018462,0.01272,-0.003098,-0.009972,-0.002161,0.006413,0.025954,-0.000951,-0.007215,0.005367,-0.002207,0.004221,0.008857,0.007336,-0.000626,0.00216,-0.046829,-0.010633,0.010127,0.010881,0.009702,-0.009544,-0.003004,0.000209,-0.005722,0.012221,0.00435,0.010266,-0.016748,0.034798,-0.010767,0.016965,0.010049,0.013278,0.057926,-0.006984,0.002245,-0.004242,0.008373,-0.007717,0.007569,-0.006437,0.035562,-0.004434,0.026786,-0.010674,0.011525,-0.008067,-0.029783,0.016721,-0.006031,0.234033,-0.008052,-0.01458,-0.016055,-0.029132,-0.031681,0.026063,0.029449,0.008453,-0.016393,0.009673,0.032752,-0.057265,0.008621,-0.016,-0.003791,0.005423,0.037318,0.022678,0.011957,0.018522,0.021528,0.022206,-0.005769,0.010922,0.001918,0.00618,-0.000894,0.003032,0.001777,0.006926,0.007003,0.008915
2026-09-18,0.002099,0.013146,0.004179,0.094629,-0.002827,-0.008347,-0.017167,0.000351,-0.013063,-0.006804,0.062038,-0.017404,-0.005199,-0.013971,-0.018249,-0.002301,0.007867,0.008568,-0.030873,-0.016329,0.021207,-0.051969,0.006244,0.013523,-0.010263,-0.023407,-0.002009,-0.012899,-0.012961,-0.033312,0.011435,-0.012341,-0.008347,0.019528,-0.000817,-0.008991,-0.015767,-0.006409,0.032887,0.011378,-0.001867,-0.026291,-0.009555,-0.00519,-0.007198,-0.015464,0.0,-0.006116,-0.005471,0.019498,-0.005726,-0.055367,0.007407,0.007728,-0.043071,0.005034,-0.002743,0.023526,-0.006521,0.011376,-0.017114,-0.008879,-0.015067,0.005046,-0.017427,-0.021893,0.002155,0.014085,-0.041673,-0.001513,-0.006515,-0.021846,-0.017111,-0.012617,0.001044,-0.002586,0.01517,-0.013108,-0.021429,-0.013223,0.025215,-0.02449,-0.065298,-0.041092,0.012466,-0.000308,-0.017457,-0.013544,-0.009319,0.002776,0.017226,-0.029701,-0.009813,-0.003946,0.032191,-0.010441,-0.015862,-0.025442,-0.008132,-0.022527,-0.039831,-0.0082,-0.04118,0.001515,-0.010603,-0.004833,-0.015622,0.0,0.004967,-0.041995,-0.003373,-0.018046,0.008802,-0.010314,0.01034,-0.051067,-0.024132,0.013579,-0.035204,-0.029742,0.001816,0.003536,-0.043648,-0.008955,0.008156,-0.013802,-0.003237,-0.008299,-0.002491,-0.000358,-0.009594,0.004369,-0.0143,-0.00264,-0.014253
2026-09-21,-0.026564,-0.002249,0.0037,0.001702,-0.007104,0.007067,0.027586,0.000176,-0.023907,-0.016749,0.007944,0.003779,0.010147,-0.004147,0.003977,0.009174,-0.000871,0.012452,0.022102,-0.004951,-0.00383,0.041194,-0.001354,0.035377,-0.033162,-0.037424,-0.000287,0.003411,0.009715,0.048059,0.049897,-0.017791,-0.010109,-0.035874,0.002448,0.004983,-0.02769,-0.001709,0.013901,-0.010858,0.000374,0.031378,0.001827,0.013035,-0.003146,-0.010444,0.005346,-0.001116,0.003776,-0.008337,0.005286,-0.006466,0.00304,-0.008504,0.006122,-0.025428,0.021292,-0.00831,-0.000958,-0.014422,-0.003087,0.006298,0.030324,-0.015071,-0.008829,0.009558,-0.012887,-0.01522,0.012085,0.0,0.026869,0.007491,0.006979,0.035914,0.001043,-0.014343,0.017589,-0.000926,0.017242,0.025493,0.003994,-0.003673,-0.024371,0.047962,-0.004095,-0.00846,0.005805,-0.019894,0.008159,0.010477,0.005208,0.006268,-0.006062,-0.042558,0.009224,0.056919,0.017902,-0.001357,0.02367,0.00568,0.072974,0.006485,0.04118,0.002016,-0.017588,0.01238,0.004749,-0.061927,0.007678,-0.022655,0.005055,-0.003386,0.021577,-0.003039,-0.017454,0.038108,-0.002878,0.008527,-0.029171,0.026072,-0.049629,0.016555,0.01333,0.037759,0.02848,0.038229,0.01295,-0.00413,0.007495,0.004249,0.009792,0.004038,-0.001025,-0.023262,-0.003437
2026-09-22,0.007153,0.010083,-0.003237,-0.006826,0.003795,0.00128,0.010568,0.020849,-0.035075,0.029615,-0.032845,0.008707,0.039803,-0.002774,0.017018,0.00228,-0.002181,-0.003429,0.026402,0.008238,-0.084766,0.00119,-0.021365,-0.010259,-0.01788,0.013951,-0.027974,0.021627,0.003328,0.002843,-0.015358,0.015428,-0.019378,-0.048367,0.003255,0.002482,-0.063579,-0.010928,0.043326,-0.01203,0.010779,0.021116,-0.007099,0.022192,0.008159,-0.028396,-0.013804,-0.016325,0.00113,-0.018472,0.054298,0.03401,-0.001933,0.003101,0.040211,-0.002948,-0.001346,-0.003184,0.004939,0.000871,0.009028,0.002213,0.009085,-0.000146,0.006798,0.001358,0.016958,-0.049785,-0.002004,0.012036,-0.034889,-0.006345,-0.014007,0.004888,0.007684,0.001604,-0.041257,-0.034173,0.03136,0.010288,0.032247,-0.005145,0.013359,0.027273,0.001794,0.007843,0.027825,-0.004648,-0.016384,0.001644,-0.002384,-0.00812,0.014562,-0.01917,3.1e-05,-0.009696,-0.063343,0.003615,0.003715,0.030281,0.030952,0.020197,0.015097,-0.015221,0.017986,-0.00114,-0.033726,-0.024175,0.045128,0.017243,-0.035932,0.003277,-0.020993,0.008272,-0.017457,0.080979,-0.051748,-0.000212,0.001088,0.055421,-0.04188,-0.028837,0.013494,0.020482,0.007261,-0.010689,0.000891,0.009839,0.005193,-0.019874,-0.002115,0.001705,0.016361,-0.010947,-0.003202
2026-09-23,-0.006077,-0.052636,-0.02438,-0.00515,0.012235,-0.011252,-0.02861,-0.007248,0.032561,-0.003096,-0.012342,0.019026,-0.08348,-0.015396,-0.043321,-0.024209,0.016028,-0.020284,0.005703,-0.01933,-0.019307,-0.050105,0.004879,-0.002512,0.022262,0.006412,0.001476,-0.027667,0.000581,0.048512,0.006965,0.000995,-0.00635,-0.005156,-0.005703,-0.031056,0.006299,-0.03964,-0.013209,-0.011643,-0.006676,-0.016352,0.000115,-0.026668,0.003224,-0.024141,-0.078692,-0.018328,-0.01174,-0.009566,0.00705,0.00936,-0.015789,-0.013245,-0.020402,0.011009,-0.005852,-0.057006,-0.011509,-0.015062,-0.011195,-0.007768,-0.00722,-0.035524,-0.01227,0.010977,-0.005886,-0.013524,-0.050396,-0.021669,-0.0033,0.002825,-0.01293,-0.000976,-0.03259,0.004506,-0.014698,-0.029933,-0.039004,-0.014003,-0.027828,-0.019954,0.005359,0.043492,-0.018214,-0.015018,-0.026813,-0.037173,0.004121,-0.002193,-0.015303,-0.019269,0.003202,-0.001169,-0.012102,0.032539,-0.019734,-0.010429,-0.01065,-0.047417,-0.006291,-0.009648,-0.049067,-0.032739,-0.002992,-0.015517,-0.009468,0.011432,-0.053632,0.001281,-0.077867,-0.006162,0.006789,-0.017509,0.019813,0.005598,-0.038675,-0.00287,0.011242,-0.036303,-0.003453,-0.02072,0.012812,-0.015681,-0.00475,-0.008581,-0.015069,-0.003633,-0.006437,-0.004756,-0.015651,-0.000999,-0.00496,0.009505,-0.019433
2026-09-24,0.058492,0.049846,0.014138,0.011976,-0.007041,-0.008442,-0.017836,-0.000693,-0.000458,-0.00868,0.032244,0.013419,-0.02696,-0.011348,0.0022,-0.005851,-0.008199,-0.01248,0.0194,-0.046367,-0.020363,-0.007781,0.01341,0.032709,0.009711,-0.024385,0.005884,0.059867,-0.013793,-0.010801,0.010848,-0.012135,-0.009699,0.018622,0.014599,-0.033813,0.002432,0.03239,-0.002086,-0.008017,-0.014999,0.008283,0.01799,-0.005116,0.005592,-0.003232,0.042525,0.00806,0.026503,0.003398,0.033323,-0.033687,-0.007706,-0.018204,-0.014398,-0.008798,0.002705,0.026446,-0.000322,-0.00177,-0.003414,-0.004894,0.012141,0.005282,0.002055,-0.008537,0.000114,0.055038,-0.006349,0.004574,0.012772,0.019093,-0.013875,0.021724,0.001708,-0.001016,0.015249,0.007874,0.010127,-0.009643,0.002642,-0.028909,0.00396,0.006214,-0.043563,-0.034935,-0.02074,-0.007279,-0.031029,0.020642,-0.00519,-0.010634,0.003453,-0.002381,0.013454,-0.015434,0.036997,-0.016081,-0.020552,-0.018273,0.007419,-0.013584,0.007498,0.004217,0.003788,-0.006508,0.01323,0.022764,-0.013311,0.003877,0.014954,-0.01344,0.024631,-0.000704,-0.001873,-0.021766,-0.003951,-0.001172,-0.03478,-0.033933,0.018506,-0.004785,0.010497,-0.017392,-0.00323,0.012624,-0.002987,-0.008895,0.006319,-0.000183,-0.004551,-0.007494,-0.012005,0.003681,-0.00986
2026-09-25,-0.004746,-0.000699,0.02267,-0.022357,-0.014232,-0.000979,0.026244,0.01633,-0.021755,-0.009642,-0.016841,-0.040123,0.006001,0.00171,-0.005399,0.008182,-0.056598,0.006531,-0.009027,-0.015452,0.044855,0.001888,-0.000816,0.021138,-0.015898,-0.024478,0.022623,-0.005449,0.009383,-0.029467,0.005868,-0.011775,0.004279,0.004602,0.00562,0.0,-0.004099,0.00847,-0.010596,-0.014051,0.002264,0.057527,-0.02029,0.005956,0.002372,0.022863,0.071818,0.011403,0.001298,-0.010028,-0.067367,0.004274,-0.006626,0.008748,0.006276,0.000736,0.009411,0.010426,0.001446,-0.00429,0.002381,0.004518,-0.002868,-0.018227,0.001368,-0.003798,-0.003297,0.021811,0.00318,0.000507,0.031057,-0.009734,0.008758,-0.026126,-0.002564,-0.000871,-0.019167,-0.006146,0.007259,-0.006647,-0.007061,0.025428,-0.002868,-0.057005,0.052389,0.01171,0.010716,0.001622,-0.004049,-0.009725,0.013526,0.012333,-0.005341,-0.000469,0.008711,-0.038061,0.015446,0.003699,-0.001641,0.019918,-0.046938,0.017374,-0.020584,0.001577,0.017361,0.004072,-0.029341,-0.034491,-0.003916,-0.006569,0.009234,0.009629,0.010133,0.008291,0.000484,-0.004902,-0.002378,-0.005236,0.006766,-0.005613,0.01122,-0.01599,0.031168,-0.000487,0.00798,-0.009077,0.002173,0.004397,0.004874,0.005669,-0.002163,0.009432,0.002413,-0.008986,0.003804
2026-09-28,-0.03176,-0.062155,0.000457,0.067252,-0.01105,-0.002614,-0.004458,-0.004614,-0.009639,-0.01074,-0.015058,0.000514,-0.072572,-0.009156,-0.006651,-0.014068,0.004118,-0.016407,-0.007218,-0.001039,-0.031519,0.001508,0.013422,0.016021,-0.009947,0.034005,-0.031758,0.005958,-0.003257,0.027848,-0.029188,-0.009983,-0.015058,0.005494,0.011938,-0.000882,0.016171,-0.019703,0.022752,-0.002725,-0.004912,-0.066998,-0.017776,-0.014788,0.00524,-0.023326,0.014793,-0.011976,-0.025517,-0.016667,0.024077,-0.013956,0.004643,-0.008748,0.024717,-0.004425,0.010648,0.015138,-0.014559,0.030655,-0.002796,-0.00301,-0.008653,-0.004917,0.004773,0.019913,-0.0072,-0.057966,-0.002119,0.004047,0.040977,0.003487,-0.005401,0.002937,0.013597,0.004494,-0.00028,-0.025982,0.000308,0.006251,0.043334,-0.034152,-0.011226,0.035185,-0.025122,-0.035549,0.007419,-0.032115,-0.00488,0.01669,0.004577,-0.013861,0.017073,-0.008639,-0.007375,0.031803,-0.000453,0.018743,-0.002741,-0.044526,-0.000394,-0.002392,0.02228,0.005238,0.010119,-0.01215,0.003089,-0.010673,-0.052947,-0.014094,-0.026072,0.010773,-0.000373,0.006205,0.006147,0.010591,-0.020851,0.00417,-0.039575,-0.014171,0.006154,-0.018198,-0.022257,-0.013746,-0.008905,-0.015883,-0.01421,0.002677,0.003275,-0.011923,-0.005066,-0.009729,-0.006649,0.000967,-0.006602
2026-09-29,0.009078,0.030623,-0.006422,-0.038116,-0.021979,0.003919,-0.008976,-0.006186,-0.003313,0.001577,0.010633,-0.006182,0.020882,0.009156,-0.012986,-0.023896,-0.011943,0.006047,-0.006319,0.017512,0.017571,-0.028788,-0.002329,-0.003654,-0.004772,0.009436,-0.000296,0.00464,0.010569,0.013372,0.020865,0.001671,-0.003553,0.023467,-0.013541,0.005282,0.013549,-0.012934,-0.000983,-0.017339,-0.004936,0.005191,-0.013334,-0.013106,-0.009887,0.012417,0.031795,-0.006331,-0.042907,-0.011544,-0.008382,-0.004334,9.5e-05,-0.014481,-0.04139,0.001477,-0.009756,-0.001804,0.004552,0.082737,0.000104,0.00113,-0.008102,0.014527,0.008805,0.014285,-0.003908,-0.024648,-0.018192,-0.003033,0.053534,0.000232,-0.011933,0.016962,-0.005714,-0.005948,0.011714,0.01557,-0.017068,-0.01194,0.009707,0.001751,-0.034326,0.013266,0.009101,0.01002,0.001738,0.019064,0.009736,-0.001068,0.000217,0.004578,0.000722,-0.00514,0.011465,0.014746,0.071883,-0.000453,-0.005504,0.004286,-0.022583,-0.002298,0.027747,-0.006815,0.009826,-0.005303,-0.006963,-0.013201,0.002951,-0.037547,0.001885,0.012489,-0.021522,-0.012704,-0.021067,0.005657,-0.023781,-0.000213,0.001264,0.013233,-0.00476,-0.007937,-0.015396,0.001975,-0.000154,0.002605,0.001375,-0.00524,-0.0031,-0.003327,-0.000242,0.002072,-0.007507,-0.009059,0.011652
2026-09-30,0.004508,-0.001011,-0.019987,-0.020479,-0.004454,-0.009497,-0.008522,-0.028851,-0.015526,-0.003444,0.003406,-0.032388,-0.008605,-0.00057,-0.005763,0.007229,-0.01396,-0.000823,-0.029594,-0.007174,-0.001124,0.02728,0.005991,-0.024889,-0.002315,-0.019971,-0.019436,-0.003215,-0.006895,0.007621,-0.014859,-0.002829,0.008271,0.006668,0.0,-0.022194,0.00782,-0.00854,-0.007204,-0.011448,-0.00541,-0.025773,-0.00107,-0.014858,-0.007584,-0.009183,-0.014327,-0.006371,0.024881,-0.014831,0.036773,-0.017525,-0.004737,-0.008137,0.000454,-0.006664,0.006722,-0.001607,-0.000324,0.056725,-0.006761,-0.009074,-0.000835,-0.006244,-0.008225,-0.004915,-0.00879,-0.013481,-0.014138,-0.002535,0.005104,-0.005351,-0.013398,0.006705,0.001696,-0.020286,-0.033409,0.000498,-0.016568,-0.007132,0.021193,-0.015766,-0.008223,0.020436,0.011488,0.002408,-0.019577,0.009844,0.043064,0.003203,-0.005232,-0.007451,-0.016012,0.012058,-0.01434,-0.002617,0.019715,-0.0206,0.001654,-0.015517,0.003621,-0.013089,0.023461,-0.015373,-0.01926,-0.012245,0.004648,0.020034,-0.018436,0.001084,0.049597,-0.009037,0.00457,0.001661,0.000613,-0.12974,0.009909,-0.01603,-0.004374,0.048567,-0.000284,0.007725,-0.006696,0.035142,0.006406,-0.004496,-0.002844,-0.01539,-0.013622,-0.011358,-0.010456,-0.012794,-0.00818,-0.00065,-0.006823
2026-10-01,-0.054394,0.017185,-0.003292,-0.031526,0.004948,0.004596,-0.003751,0.005308,0.042419,-0.011242,0.023523,-0.047554,0.002158,-0.00057,-0.006138,-0.025533,0.009328,0.002192,-0.077353,-0.033162,-0.005169,-0.056789,0.003471,-0.030487,0.015146,-0.004607,0.016173,-0.02812,0.001666,0.005049,0.024644,0.075971,0.063999,0.042929,0.012063,-0.005401,0.058353,-0.001484,0.030432,0.001683,-0.00817,0.018498,0.021994,0.011916,0.00603,0.013743,0.015748,0.001742,0.0288,0.016281,-0.02215,-0.009995,-0.008871,0.0,0.011403,0.0,0.005345,-0.017029,-0.023476,0.000125,-0.000737,0.002655,-0.000627,-0.028669,-0.002067,-0.023231,0.000232,-0.016483,-0.02327,0.011106,0.067656,-0.004676,-0.030069,-0.015877,0.011585,-0.005808,0.017056,-0.000498,0.023897,0.005028,-0.006601,0.013293,0.009495,0.016693,0.004533,-0.020205,-0.018163,-0.006552,-0.001161,0.002662,0.0036,0.00421,-0.013932,0.034341,0.03096,0.008092,0.015415,0.014693,0.001101,0.039187,0.047195,0.005559,-0.019184,-0.007507,0.018589,0.015431,-0.009317,0.037192,0.002997,0.020368,0.001791,-0.008863,-0.008394,6.4e-05,-0.008313,-0.002756,-0.005768,0.018481,0.019196,0.009791,0.052394,0.017191,-0.006741,0.008301,0.010469,-0.009325,-0.000276,-0.003355,-0.013269,0.001123,-0.005638,0.009892,-0.003291,0.019324,0.006067
2026-10-02,0.035179,0.004816,0.003292,-0.030716,0.004924,-0.008883,0.000268,0.001411,0.007814,0.015393,-0.00266,0.028513,0.038562,0.00682,0.003074,0.006139,0.001392,0.010346,-0.001765,0.012528,0.04694,-0.041166,0.033718,-0.0036,-0.002443,0.006648,0.010932,0.011646,0.008287,0.014736,0.017853,-0.053095,0.008609,0.00508,0.004785,-0.00543,0.017802,0.017033,0.005652,0.014197,0.011651,0.042522,-0.005132,-0.00993,0.022346,-0.002733,-0.040585,0.012107,0.010473,0.018665,0.024177,-0.020294,0.002966,0.012987,0.003026,0.011082,0.002219,0.008348,-0.001163,-0.012582,0.004415,-0.01373,0.022515,0.01405,0.000689,-0.006142,-0.00524,0.068177,0.0,-0.002513,0.033624,0.007704,-0.012617,-0.026537,-0.067797,0.005957,0.024913,0.004723,-0.008111,-0.001606,-0.040546,-0.017694,0.018516,-0.005376,0.037783,0.035068,0.008974,0.01225,-0.013839,0.013728,0.02165,0.025265,0.004705,0.001324,0.02085,0.027183,0.028301,0.017172,0.009858,-0.022815,-0.000383,-0.000302,-0.004937,0.014958,-0.035838,0.008094,0.003115,0.005121,-0.004498,0.025407,-0.03273,0.009008,0.008584,-0.004477,0.011741,-0.013896,-0.012474,0.031336,0.004629,-0.010686,-0.005302,0.004937,0.025377,0.015468,0.01006,0.00345,0.011241,0.002487,-0.00012,0.000561,0.003191,0.007738,0.006571,0.001912,0.003773
2026-10-05,0.051223,0.054714,0.000469,0.114311,0.009775,-0.005966,-0.001612,0.003869,0.003884,0.00675,0.00763,0.022062,0.03854,-0.005111,-0.006615,-0.008605,0.010148,-0.002441,0.071252,-0.025522,-0.029564,0.020863,-0.047044,-0.002222,0.012934,-0.016444,0.023524,0.068517,0.001484,0.009692,-0.009128,0.038672,0.037761,0.005895,-0.012005,-0.017392,0.015011,0.020636,-0.008924,0.016991,-0.010089,0.022072,0.010585,-0.009028,0.003946,0.004097,0.008103,-0.00287,0.016789,0.010713,0.021627,-0.019552,0.0,0.002416,0.032375,0.010234,-0.005333,0.056944,-0.028508,0.014718,0.015819,0.000768,-0.010678,-0.018461,0.014369,-0.011665,0.009991,-0.033356,0.007817,0.019931,0.023303,-0.013344,0.010434,-0.001495,0.00848,0.007839,0.033255,0.005221,-0.024896,-0.000402,-0.017392,0.016352,0.044822,0.031647,-0.007117,-0.017052,-0.008524,0.002432,0.061467,0.001572,-0.013625,-0.019743,0.010982,0.019241,0.010088,0.033991,-0.009805,-0.00404,0.011379,-0.001711,0.009915,-0.040007,0.072835,-0.006917,0.003077,-0.00398,0.02268,-0.005406,0.019054,0.038269,0.021939,0.034927,0.022907,-0.019483,0.006092,-0.006551,0.002507,-0.023911,0.005617,0.053172,0.031566,0.013573,0.007882,0.269494,0.00559,0.011625,0.003447,0.006313,0.007135,0.007265,-0.003437,0.000882,0.013014,0.009979,0.003509
2026-10-06,-0.103724,0.001738,0.013054,0.004898,0.02782,0.012882,0.002148,-0.001229,0.005685,0.005531,-0.016998,-0.048897,0.017459,0.001706,-0.029496,-0.018692,0.011861,0.012412,-0.101565,-0.024769,0.04234,-0.032722,0.00126,-0.019369,0.007372,-0.015666,0.009427,-0.018872,-0.020648,0.022447,0.022902,0.115718,0.008395,-0.012674,-0.003226,0.001845,-0.019949,0.012886,-0.009296,0.012422,-0.002343,0.005164,0.020612,0.010077,0.002118,-0.060398,0.033902,-0.00692,0.001828,0.005813,-0.019201,0.0,-0.011143,-0.009701,0.001408,0.005801,0.001781,-0.029545,-0.004459,0.002868,-0.001033,0.012584,0.01231,-0.026886,0.000679,-0.017477,-0.003938,0.008144,0.016548,0.012745,0.013393,0.000236,-0.008228,0.017306,-0.036895,0.009822,-0.012981,0.007165,0.008633,0.007111,-0.02352,0.06789,-0.001353,0.001739,-0.001756,0.019311,0.000751,0.012073,0.003868,-0.006303,0.012878,0.002466,0.00458,0.00026,0.05153,0.025114,0.048785,0.00404,0.019211,-0.007735,-0.023031,0.031096,-0.120471,0.002666,0.011922,-0.005057,0.001899,0.001425,0.010852,-0.011978,0.035528,-0.02492,0.006845,0.008721,0.007805,0.0,-0.005021,0.019879,0.000448,-0.015398,-0.000262,0.00287,0.008145,0.054609,0.005311,0.000358,0.011704,0.009334,-0.001674,0.00241,0.010517,0.008663,0.004636,0.004717,0.029338
2026-10-07,-0.023318,0.005726,-0.022957,-0.048383,-0.013813,-0.015545,-0.024163,-0.027799,-0.006598,-0.010302,-0.054039,-0.006917,-0.055145,0.001136,-0.003069,0.05506,0.071318,-0.008348,-0.013015,-0.011102,-0.021807,-0.079879,-0.0018,0.031802,0.003781,-0.005277,-0.022137,-0.015399,-0.053479,-0.049321,-0.020973,0.038086,-0.000697,0.008046,-0.002426,-0.026145,0.013609,0.000806,0.021558,-0.009438,-0.024937,-0.06782,-0.001248,-0.023833,-0.016867,-0.040882,-0.002841,-0.012227,0.021677,-0.017949,-0.007296,-0.010508,-0.017639,-0.042312,-0.031323,0.007205,-0.010734,-0.026588,-0.003444,-0.001246,-0.02618,-0.020288,-0.013963,-0.007653,-0.019884,-0.020831,-0.00407,-0.058768,-0.004386,-0.05096,-0.030105,-0.014956,-0.013866,-0.00738,0.000922,0.012035,-0.032305,0.005891,-0.044763,0.002293,-0.006306,0.047226,-0.018613,-0.003069,-0.031109,-0.033876,-0.026149,0.022935,0.00751,-0.014328,-0.003204,0.0,0.011956,0.00676,-0.026032,-0.016592,-0.022624,-0.018084,-0.074596,-0.013027,-0.009363,0.000203,-0.057321,-0.015022,0.012459,-0.011979,-0.015676,0.004264,-0.045659,-0.017279,0.046044,-0.010116,-0.022938,-0.022343,0.010312,0.012133,0.014161,-0.004985,-0.025171,-0.00692,0.011573,0.003814,-0.019494,-0.00675,-0.003024,-0.003499,-0.003228,-0.001223,0.010241,-0.004826,-0.012979,-0.022039,-0.015196,-0.006136,-0.000243
2026-10-08,-0.007256,0.024139,0.006613,-0.031253,0.016175,0.016201,0.003018,0.021806,0.037191,0.000934,0.001595,-0.008855,0.005714,0.007071,0.044056,-0.013182,0.01092,-0.005695,0.014652,0.033407,-0.001998,0.031278,0.003507,0.009564,0.032954,0.024564,0.001452,-0.007688,0.004604,-0.009197,0.002406,-0.049656,0.036953,0.050175,0.020041,0.012224,0.070173,0.007927,0.008816,-0.004344,0.004,-0.033943,0.008363,-0.001195,-0.007405,-0.018265,0.063382,0.012227,0.008187,-0.01476,0.02808,0.007018,0.16094,-0.030984,0.002565,0.019197,0.013399,-0.035678,0.001551,0.005471,0.009083,0.023692,-0.016681,-0.006724,0.013755,-0.023027,0.022468,0.009512,-0.018858,-0.02386,0.015025,0.005724,0.008066,0.003451,0.002761,0.028979,-0.009927,0.015542,0.009279,0.017373,-0.040107,-0.02131,-0.001218,0.010087,-0.05757,-0.014893,0.002308,-0.009427,-0.000365,0.014328,0.013178,0.000379,0.039732,0.036084,-0.022707,-0.023221,-0.003229,0.002733,-0.020714,0.027588,0.023372,0.011125,-0.033535,0.020332,0.023989,0.015627,0.014537,0.050612,0.026218,0.000342,0.023065,0.005685,0.001131,0.025126,0.021596,-0.038776,0.020467,0.011078,-0.010852,-0.035339,0.045405,0.012061,0.012657,0.022766,-0.018088,0.007254,0.003138,0.020834,-0.003858,0.008891,0.006878,0.003331,0.005903,0.02924,-0.001946
2026-10-09,0.01446,0.035587,0.013097,0.006154,-0.004019,0.009466,-0.007977,-8.8e-05,0.011915,0.014904,0.005476,0.039701,0.108242,-0.001416,0.002937,0.033218,0.004584,0.008261,0.072912,0.000925,-0.030881,-0.000295,0.026967,-0.004497,0.002828,-0.017183,-0.016684,0.019622,-0.047951,0.038634,0.004316,-0.028774,0.00042,-0.000803,-0.001191,0.006056,-0.009114,0.006376,0.026817,-0.010344,0.007952,0.019467,-0.006096,-0.014571,0.017904,-0.004619,0.037988,-0.005513,0.00726,-0.009963,0.045432,-0.022393,-0.012296,-0.010987,0.045071,-0.009197,0.001109,0.037904,0.010961,0.000248,-0.006064,0.00921,-0.00834,0.02879,0.014915,0.016433,0.004434,0.022312,-0.058676,-0.022562,0.00309,0.013464,-0.002635,0.013685,0.008464,0.005933,0.004895,-0.002292,-0.024629,-0.030301,0.014476,0.008289,0.02555,0.03973,0.015922,0.007978,-0.024345,0.032993,0.0099,0.003681,0.001055,-0.022017,-0.001547,0.003456,0.024802,0.016409,-0.010502,-0.001594,-0.011108,-0.030652,0.014194,-0.017808,0.041928,-0.018712,0.004617,-0.010628,0.009826,0.002021,0.058909,0.026922,0.006494,0.004323,0.024844,0.002291,-0.136848,0.023822,-0.026282,0.003084,-0.003139,0.061048,-0.003849,0.025578,0.015238,0.05553,0.004087,-0.014063,0.007935,-0.00012,0.016309,0.008264,0.016028,0.005242,0.005768,0.001455,0.006553
