symbol,company,exchange,sector,industry,supersector,mcap
NVDA,NVIDIA Corporation,NASDAQ,Electronic Technology,Semiconductors,Technology,5705720819330.038
AAPL,Apple Inc.,NASDAQ,Electronic Technology,Telecommunications Equipment,Technology,4927870909823.877
GOOG,Alphabet Inc.,NASDAQ,Technology Services,Internet Software/Services,Communication,4288980099397.319
MSFT,Microsoft Corporation,NASDAQ,Technology Services,Packaged Software,Technology,3945452243235.5854
AMZN,"Amazon.com, Inc.",NASDAQ,Retail Trade,Internet Retail,Consumer Discretionary,2801691392365.187
META,"Meta Platforms, Inc.",NASDAQ,Technology Services,Internet Software/Services,Communication,1842076204177.118
AVGO,Broadcom Inc.,NASDAQ,Electronic Technology,Semiconductors,Technology,1773331943011.7014
TSLA,"Tesla, Inc.",NASDAQ,Consumer Durables,Motor Vehicles,Consumer Discretionary,1474484598751.0835
MU,"Micron Technology, Inc.",NASDAQ,Electronic Technology,Semiconductors,Technology,1209755030046.3867
LLY,Eli Lilly and Company,NYSE,Health Technology,Pharmaceuticals: Major,Health Care,1074088374040.8423
AMD,"Advanced Micro Devices, Inc.",NASDAQ,Electronic Technology,Semiconductors,Technology,1043216784738.014
WMT,Walmart Inc.,NASDAQ,Retail Trade,Specialty Stores,Consumer Discretionary,871680712833.6537
JPM,JP Morgan Chase & Co.,NYSE,Finance,Major Banks,Financials,870157243075.678
V,Visa Inc.,NYSE,Finance,Finance/Rental/Leasing,Financials,702065829732.2568
XOM,ExxonMobil Holdings Corporation,NYSE,Energy Minerals,Integrated Oil,Energy,690328377324.812
JNJ,Johnson & Johnson,NYSE,Health Technology,Pharmaceuticals: Major,Health Care,610093773091.1716
INTC,Intel Corporation,NASDAQ,Electronic Technology,Semiconductors,Technology,582951725248.2347
MA,Mastercard Incorporated,NYSE,Finance,Finance/Rental/Leasing,Financials,505168647819.3357
PLTR,Palantir Technologies Inc.,NASDAQ,Technology Services,Packaged Software,Technology,481933327087.80365
ABBV,AbbVie Inc.,NYSE,Health Technology,Pharmaceuticals: Major,Health Care,473834809809.3508
CSCO,"Cisco Systems, Inc.",NASDAQ,Electronic Technology,Telecommunications Equipment,Technology,460454694786.34503
ORCL,Oracle Corporation,NYSE,Technology Services,Packaged Software,Technology,428720413377.1976
COST,Costco Wholesale Corporation,NASDAQ,Retail Trade,Specialty Stores,Consumer Discretionary,418837602435.7983
CVX,Chevron Corporation,NYSE,Energy Minerals,Integrated Oil,Energy,416551446982.95685
AMAT,"Applied Materials, Inc.",NASDAQ,Producer Manufacturing,Industrial Machinery,Industrials,413400783301.31726
LRCX,Lam Research Corporation,NASDAQ,Producer Manufacturing,Industrial Machinery,Industrials,411918840196.2769
KO,Coca-Cola Company (The),NYSE,Consumer Non-Durables,Beverages: Non-Alcoholic,Consumer Staples,373848466346.7273
CAT,"Caterpillar, Inc.",NYSE,Producer Manufacturing,Trucks/Construction/Farm Machinery,Industrials,373784624911.7445
DELL,Dell Technologies Inc.,NYSE,Electronic Technology,Computer Processing Hardware,Technology,369346824797.2317
BAC,Bank of America Corporation,NYSE,Finance,Major Banks,Financials,369147198328.66907
PG,Procter & Gamble Company (The),NYSE,Consumer Non-Durables,Household/Personal Care,Consumer Staples,345915612202.98584
MRK,"Merck & Company, Inc.",NYSE,Health Technology,Pharmaceuticals: Major,Health Care,344688532340.24976
PANW,"Palo Alto Networks, Inc.",NASDAQ,Technology Services,Packaged Software,Technology,333825806028.3727
UNH,UnitedHealth Group Incorporated,NYSE,Health Services,Managed Health Care,Health Care,332410797981.4132
GE,GE Aerospace,NYSE,Electronic Technology,Aerospace & Defense,Technology,312181799979.7178
PM,Philip Morris International Inc,NYSE,Consumer Non-Durables,Tobacco,Consumer Staples,308356103770.47034
NFLX,"Netflix, Inc.",NASDAQ,Technology Services,Internet Software/Services,Communication,296597429040.41705
MS,Morgan Stanley,NYSE,Finance,Investment Managers,Financials,294316279239.45404
HD,"Home Depot, Inc. (The)",NYSE,Retail Trade,Home Improvement Chains,Consumer Discretionary,288167774771.44946
CRWD,"CrowdStrike Holdings, Inc.",NASDAQ,Technology Services,Packaged Software,Technology,275950435032.91144
ANET,"Arista Networks, Inc.",NYSE,Electronic Technology,Computer Peripherals,Technology,272847028184.13837
GEV,GE Vernova Inc.,NYSE,Producer Manufacturing,Electrical Products,Industrials,271388606449.60815
TXN,Texas Instruments Incorporated,NASDAQ,Electronic Technology,Semiconductors,Technology,262572416888.96072
KLAC,KLA Corporation,NASDAQ,Electronic Technology,Semiconductors,Technology,261921325943.23697
GS,"Goldman Sachs Group, Inc. (The)",NYSE,Finance,Investment Banks/Brokers,Financials,257295580061.51096
RTX,RTX Corporation,NYSE,Electronic Technology,Aerospace & Defense,Technology,245905211003.12003
MRVL,"Marvell Technology, Inc.",NASDAQ,Electronic Technology,Semiconductors,Technology,243690598205.42523
WFC,Wells Fargo & Company,NYSE,Finance,Major Banks,Financials,242282827767.27036
SNDK,Sandisk Corporation,NASDAQ,Electronic Technology,Computer Peripherals,Technology,241666040441.6398
TMO,Thermo Fisher Scientific Inc,NYSE,Health Technology,Medical Specialties,Health Care,236390530167.12537
LIN,Linde plc,NASDAQ,Process Industries,Chemicals: Specialty,Materials,223515456985.89398
AMGN,Amgen Inc.,NASDAQ,Health Technology,Biotechnology,Health Care,217366502510.80667
SHOP,Shopify Inc.,NASDAQ,Commercial Services,Miscellaneous Commercial Services,Industrials,215062546213.63794
APH,Amphenol Corporation,NYSE,Electronic Technology,Electronic Components,Technology,214465161032.3589
C,"Citigroup, Inc.",NYSE,Finance,Major Banks,Financials,211801552950.44803
IBM,International Business Machines Corporation,NYSE,Technology Services,Information Technology Services,Technology,207580467051.3304
AXP,American Express Company,NYSE,Finance,Finance/Rental/Leasing,Financials,205084837550.90692
ADI,"Analog Devices, Inc.",NASDAQ,Electronic Technology,Semiconductors,Technology,197862607886.40906
VZ,Verizon Communications Inc.,NYSE,Communications,Wireless Telecommunications,Communication,190351036425.4482
QCOM,QUALCOMM Incorporated,NASDAQ,Electronic Technology,Semiconductors,Technology,185852116745.08334
CRM,"Salesforce, Inc.",NYSE,Technology Services,Packaged Software,Technology,184129787998.42548
DIS,Walt Disney Company (The),NYSE,Consumer Services,Movies/Entertainment,Communication,182234534333.82474
TMUS,"T-Mobile US, Inc.",NASDAQ,Communications,Wireless Telecommunications,Communication,180798796799.6293
STX,Seagate Technology Holdings PLC,NASDAQ,Electronic Technology,Computer Peripherals,Technology,180461376739.20892
GILD,"Gilead Sciences, Inc.",NASDAQ,Health Technology,Biotechnology,Health Care,179911289538.44156
DE,Deere & Company,NYSE,Producer Manufacturing,Trucks/Construction/Farm Machinery,Industrials,174587835592.32144
PEP,"PepsiCo, Inc.",NASDAQ,Consumer Non-Durables,Food: Specialty/Candy,Consumer Staples,172385798536.45596
BLK,"BlackRock, Inc.",NYSE,Finance,Investment Managers,Financials,171909558053.64526
SCCO,Southern Copper Corporation,NYSE,Non-Energy Minerals,Other Metals/Minerals,Materials,169459784563.57382
ABT,Abbott Laboratories,NYSE,Health Technology,Medical Specialties,Health Care,168824852481.04602
T,AT&T Inc.,NYSE,Communications,Wireless Telecommunications,Communication,168568684527.48672
MCD,McDonald's Corporation,NYSE,Consumer Services,Restaurants,Consumer Discretionary,166331133271.8815
ETN,"Eaton Corporation, PLC",NYSE,Producer Manufacturing,Electrical Products,Industrials,166258496211.49728
SCHW,Charles Schwab Corporation (The),NYSE,Finance,Investment Banks/Brokers,Financials,165947056314.06653
UNP,Union Pacific Corporation,NYSE,Transportation,Railroads,Industrials,163127187329.38168
NEE,"NextEra Energy, Inc.",NYSE,Utilities,Electric Utilities,Utilities,160130116937.40747
COP,ConocoPhillips,NYSE,Energy Minerals,Oil & Gas Production,Energy,159946073488.73843
WELL,Welltower Inc.,NYSE,Finance,Real Estate Investment Trusts,Real Estate,159508057839.45163
PFE,"Pfizer, Inc.",NYSE,Health Technology,Pharmaceuticals: Major,Health Care,157681462947.14786
TJX,"TJX Companies, Inc. (The)",NYSE,Retail Trade,Apparel/Footwear Retail,Consumer Discretionary,151774415721.971
DHR,Danaher Corporation,NYSE,Health Technology,Medical Specialties,Health Care,149374001810.55078
IBKR,"Interactive Brokers Group, Inc.",NASDAQ,Finance,Investment Banks/Brokers,Financials,148592345440.65997
BA,Boeing Company (The),NYSE,Electronic Technology,Aerospace & Defense,Technology,147048343310.30933
WDC,Western Digital Corporation,NASDAQ,Electronic Technology,Computer Peripherals,Technology,146123635957.3181
ISRG,"Intuitive Surgical, Inc.",NASDAQ,Health Technology,Medical Specialties,Health Care,145320390310.90576
NOW,"ServiceNow, Inc.",NYSE,Technology Services,Packaged Software,Technology,142857434940.37976
UBER,"Uber Technologies, Inc.",NYSE,Transportation,Other Transportation,Industrials,140691538971.52722
FTNT,"Fortinet, Inc.",NASDAQ,Technology Services,Information Technology Services,Technology,139860489923.5445
BX,Blackstone Inc.,NYSE,Finance,Investment Managers,Financials,138557950600.96597
GLW,Corning Incorporated,NYSE,Electronic Technology,Electronic Components,Technology,137003810016.20215
CB,Chubb Limited,NYSE,Finance,Property/Casualty Insurance,Financials,129671187340.48051
MPC,Marathon Petroleum Corporation,NYSE,Energy Minerals,Oil Refining/Marketing,Energy,128921023360.87975
VRTX,Vertex Pharmaceuticals Incorporated,NASDAQ,Health Technology,Pharmaceuticals: Major,Health Care,126918025880.03699
VLO,Valero Energy Corporation,NYSE,Energy Minerals,Oil Refining/Marketing,Energy,126046005853.96535
PGR,Progressive Corporation (The),NYSE,Finance,Multi-Line Insurance,Financials,125462387367.76654
NET,"Cloudflare, Inc.",NYSE,Technology Services,Information Technology Services,Technology,123995858992.90193
PLD,"Prologis, Inc.",NYSE,Finance,Real Estate Investment Trusts,Real Estate,123330568680.66269
ACN,Accenture plc,NYSE,Technology Services,Information Technology Services,Technology,122002903808.38971
BMY,Bristol-Myers Squibb Company,NYSE,Health Technology,Pharmaceuticals: Major,Health Care,120663152940.8015
NEM,Newmont Corporation,NYSE,Non-Energy Minerals,Precious Metals,Materials,120373804837.46486
SNOW,Snowflake Inc.,NYSE,Technology Services,Packaged Software,Technology,120262462043.9213
COF,Capital One Financial Corporation,NYSE,Finance,Major Banks,Financials,120114191677.35413
PH,Parker-Hannifin Corporation,NYSE,Producer Manufacturing,Industrial Machinery,Industrials,119304860774.8419
MO,"Altria Group, Inc.",NYSE,Consumer Non-Durables,Tobacco,Consumer Staples,118100981123.0176
BKNG,Booking Holdings Inc. Common Stock,NASDAQ,Consumer Services,Other Consumer Services,Consumer Discretionary,118049385583.33939
SPGI,S&P Global Inc.,NYSE,Commercial Services,Financial Publishing/Services,Industrials,116301541028.83917
LMT,Lockheed Martin Corporation,NYSE,Electronic Technology,Aerospace & Defense,Technology,116279306993.80463
CVS,CVS Health Corporation,NYSE,Retail Trade,Drugstore Chains,Consumer Staples,111526209508.60262
MDT,Medtronic plc.,NYSE,Health Technology,Medical Specialties,Health Care,111473265626.51198
PSX,Phillips 66,NYSE,Energy Minerals,Oil Refining/Marketing,Energy,110927809468.20557
SPOT,Spotify Technology S.A.,NYSE,Technology Services,Internet Software/Services,Communication,107247710001.10585
CEG,Constellation Energy Corporation,NASDAQ,Utilities,Electric Utilities,Utilities,107071686826.35202
MCK,McKesson Corporation,NYSE,Distribution Services,Medical Distributors,Health Care,106659197469.6739
ADP,"Automatic Data Processing, Inc.",NASDAQ,Technology Services,Packaged Software,Technology,105243422750.34538
SYK,Stryker Corporation,NYSE,Health Technology,Medical Specialties,Health Care,104698173691.9402
PWR,"Quanta Services, Inc.",NYSE,Industrial Services,Engineering & Construction,Industrials,103955535180.3828
SBUX,Starbucks Corporation,NASDAQ,Consumer Services,Restaurants,Consumer Discretionary,103586102026.45068
LOW,"Lowe's Companies, Inc.",NYSE,Retail Trade,Home Improvement Chains,Consumer Discretionary,103379809185.38438
TT,Trane Technologies plc,NYSE,Producer Manufacturing,Industrial Machinery,Industrials,102954343192.26775
FCX,"Freeport-McMoRan, Inc.",NYSE,Non-Energy Minerals,Other Metals/Minerals,Materials,102833210901.93556
DDOG,"Datadog, Inc.",NASDAQ,Technology Services,Packaged Software,Technology,99321950809.61629
EQIX,"Equinix, Inc.",NASDAQ,Finance,Real Estate Investment Trusts,Real Estate,99318972393.59795
CME,CME Group Inc.,NASDAQ,Finance,Investment Banks/Brokers,Financials,98231653100.75519
SO,Southern Company (The),NYSE,Utilities,Electric Utilities,Utilities,98074203531.0539
CDNS,"Cadence Design Systems, Inc.",NASDAQ,Technology Services,Packaged Software,Technology,98053678217.88835
LITE,Lumentum Holdings Inc.,NASDAQ,Producer Manufacturing,Electrical Products,Industrials,98048697670.68657
SNPS,"Synopsys, Inc.",NASDAQ,Technology Services,Packaged Software,Technology,97771101226.7711
ABNB,"Airbnb, Inc.",NASDAQ,Consumer Services,Hotels/Resorts/Cruise lines,Consumer Discretionary,97614047379.6139
HOOD,"Robinhood Markets, Inc.",NASDAQ,Finance,Investment Banks/Brokers,Financials,97217769700.32564
BNY,The Bank of New York Mellon Corporation,NYSE,Finance,Investment Banks/Brokers,Financials,96225459431.42545
HCA,"HCA Healthcare, Inc.",NYSE,Health Services,Hospital/Nursing Management,Health Care,95788924536.47789
VRT,"Vertiv Holdings, LLC",NYSE,Electronic Technology,Electronic Production Equipment,Technology,95781213849.03432
HPE,Hewlett Packard Enterprise Company,NYSE,Electronic Technology,Computer Processing Hardware,Technology,95537631166.4898
MELI,"MercadoLibre, Inc.",NASDAQ,Retail Trade,Internet Retail,Consumer Discretionary,94470446902.4245
MAR,Marriott International,NASDAQ,Consumer Services,Hotels/Resorts/Cruise lines,Consumer Discretionary,93549908828.87096
JCI,Johnson Controls International plc,NYSE,Producer Manufacturing,Industrial Machinery,Industrials,93429567056.85269
APP,Applovin Corporation,NASDAQ,Technology Services,Packaged Software,Technology,92835534834.0754
ADBE,Adobe Inc.,NASDAQ,Technology Services,Packaged Software,Technology,91100048529.15443
DUK,Duke Energy Corporation (Holding Company),NYSE,Utilities,Electric Utilities,Utilities,89806178457.18996
BN,Brookfield Corporation,NYSE,Finance,Investment Managers,Financials,89194994318.7251
HWM,Howmet Aerospace Inc.,NYSE,Electronic Technology,Aerospace & Defense,Technology,88502004823.97163
GD,General Dynamics Corporation,NYSE,Electronic Technology,Aerospace & Defense,Technology,88472202433.7752
WMB,"Williams Companies, Inc. (The)",NYSE,Industrial Services,Oil & Gas Pipelines,Energy,88251532584.70615
EMR,Emerson Electric Company,NYSE,Electronic Technology,Electronic Equipment/Instruments,Technology,88154710746.36024
USB,U.S. Bancorp,NYSE,Finance,Major Banks,Financials,87250881921.3103
CSX,CSX Corporation,NASDAQ,Transportation,Railroads,Industrials,87103370167.65092
ELV,"Elevance Health, Inc.",NYSE,Health Services,Managed Health Care,Health Care,86617595185.75992
PNC,"PNC Financial Services Group, Inc. (The)",NYSE,Finance,Major Banks,Financials,86199758082.80042
ICE,Intercontinental Exchange Inc.,NYSE,Finance,Investment Banks/Brokers,Financials,85472306038.70831
MNST,Monster Beverage Corporation,NASDAQ,Consumer Non-Durables,Beverages: Non-Alcoholic,Consumer Staples,85316706177.42186
WM,"Waste Management, Inc.",NYSE,Industrial Services,Environmental Services,Industrials,83242685667.88118
MRSH,Marsh,NYSE,Finance,Insurance Brokers/Services,Financials,83144521881.45514
MMM,3M Company,NYSE,Producer Manufacturing,Industrial Conglomerates,Industrials,83051934744.69725
BE,Bloom Energy Corporation,NYSE,Electronic Technology,Electronic Production Equipment,Technology,82641429807.41534
DASH,"DoorDash, Inc.",NASDAQ,Transportation,Air Freight/Couriers,Industrials,82257882081.36153
EPD,Enterprise Products Partners L.P.,NYSE,Industrial Services,Oil & Gas Pipelines,Energy,79803483103.86969
KKR,KKR & Co. Inc.,NYSE,Finance,Investment Managers,Financials,79611301522.25137
CTAS,Cintas Corporation,NASDAQ,Commercial Services,Miscellaneous Commercial Services,Industrials,79082372214.68634
UPS,"United Parcel Service, Inc.",NYSE,Transportation,Air Freight/Couriers,Industrials,79012082611.39278
INTU,Intuit Inc.,NASDAQ,Technology Services,Packaged Software,Technology,78754444382.52151
MRNA,"Moderna, Inc.",NASDAQ,Health Technology,Biotechnology,Health Care,78516718827.06511
MCO,Moody's Corporation,NYSE,Commercial Services,Financial Publishing/Services,Industrials,78221449471.66614
ECL,Ecolab Inc.,NYSE,Process Industries,Chemicals: Specialty,Materials,77753339065.14552
AMT,American Tower Corporation (REIT),NYSE,Finance,Real Estate Investment Trusts,Real Estate,77181619692.74521
EOG,"EOG Resources, Inc.",NYSE,Energy Minerals,Integrated Oil,Energy,77034980843.938
SHW,Sherwin-Williams Company (The),NYSE,Process Industries,Industrial Specialties,Materials,76711579650.45079
MDLZ,"Mondelez International, Inc.",NASDAQ,Consumer Non-Durables,Food: Specialty/Candy,Consumer Staples,76376823715.9332
NU,Nu Holdings Ltd.,NYSE,Finance,Regional Banks,Financials,75862758497.92682
TRV,"The Travelers Companies, Inc.",NYSE,Finance,Property/Casualty Insurance,Financials,75589667103.72362
RCL,Royal Caribbean Cruises Ltd.,NYSE,Consumer Services,Hotels/Resorts/Cruise lines,Consumer Discretionary,74973508345.79219
REGN,"Regeneron Pharmaceuticals, Inc.",NASDAQ,Health Technology,Pharmaceuticals: Major,Health Care,74770028737.7677
ITW,Illinois Tool Works Inc.,NYSE,Producer Manufacturing,Auto Parts: OEM,Industrials,74280107080.31902
CMCSA,Comcast Corporation,NASDAQ,Consumer Services,Cable/Satellite TV,Communication,74113275477.77148
MSI,"Motorola Solutions, Inc.",NYSE,Electronic Technology,Telecommunications Equipment,Technology,74000539013.03983
CI,The Cigna Group,NYSE,Health Services,Managed Health Care,Health Care,73073072929.9542
BAM,Brookfield Asset Management Inc,NYSE,Finance,Investment Managers,Financials,72991429082.80908
HLT,Hilton Worldwide Holdings Inc.,NYSE,Consumer Services,Hotels/Resorts/Cruise lines,Consumer Discretionary,72385376363.93298
ROST,"Ross Stores, Inc.",NASDAQ,Retail Trade,Apparel/Footwear Retail,Consumer Discretionary,72020706641.13841
SLB,SLB Limited,NYSE,Industrial Services,Contract Drilling,Energy,71988369903.80682
KMI,"Kinder Morgan, Inc.",NYSE,Industrial Services,Oil & Gas Pipelines,Energy,71680755755.82556
CMI,Cummins Inc.,NYSE,Producer Manufacturing,Auto Parts: OEM,Industrials,70953655664.86128
GM,General Motors Company,NYSE,Consumer Durables,Motor Vehicles,Consumer Discretionary,70889307892.012
ET,Energy Transfer LP,AMEX,Industrial Services,Oil & Gas Pipelines,Energy,70825227078.03983
NSC,Norfolk Southern Corporation,NYSE,Transportation,Railroads,Industrials,70500638791.07936
CL,Colgate-Palmolive Company,NYSE,Consumer Non-Durables,Household/Personal Care,Consumer Staples,69864222628.32796
TGT,Target Corporation,NYSE,Retail Trade,Specialty Stores,Consumer Discretionary,69602804671.58229
CVNA,Carvana Co.,NYSE,Retail Trade,Specialty Stores,Consumer Discretionary,69263189585.31836
MPWR,"Monolithic Power Systems, Inc.",NASDAQ,Electronic Technology,Semiconductors,Technology,68978344615.24706
ORLY,"O'Reilly Automotive, Inc.",NASDAQ,Retail Trade,Specialty Stores,Consumer Discretionary,68931551579.75735
APO,"Apollo Global Management, Inc. (New)",NYSE,Finance,Investment Managers,Financials,68361284129.98288
NOC,Northrop Grumman Corporation,NYSE,Electronic Technology,Aerospace & Defense,Technology,68170366292.559586
FDX,FedEx Corporation,NYSE,Transportation,Air Freight/Couriers,Industrials,68109021430.93377
AEP,"American Electric Power Company, Inc.",NASDAQ,Utilities,Electric Utilities,Utilities,66280384432.33741
RSG,"Republic Services, Inc.",NYSE,Industrial Services,Environmental Services,Industrials,65844975326.428535
DLR,"Digital Realty Trust, Inc.",NYSE,Finance,Real Estate Investment Trusts,Real Estate,65607413781.59206
HON,Honeywell International Inc.,NASDAQ,Producer Manufacturing,Industrial Machinery,Industrials,65321334695.219826
URI,"United Rentals, Inc.",NYSE,Finance,Finance/Rental/Leasing,Financials,65072651154.32564
ALAB,"Astera Labs, Inc.",NASDAQ,Electronic Technology,Semiconductors,Technology,64738570111.072556
KEYS,Keysight Technologies Inc.,NYSE,Electronic Technology,Electronic Equipment/Instruments,Technology,64451260093.20891
SPG,"Simon Property Group, Inc.",NYSE,Finance,Real Estate Investment Trusts,Real Estate,63862596585.387726
TER,"Teradyne, Inc.",NASDAQ,Electronic Technology,Electronic Production Equipment,Technology,63582216996.30602
COHR,Coherent Corp.,NYSE,Electronic Technology,Semiconductors,Technology,62703526028.693596
NBIS,Nebius Group N.V.,NASDAQ,Technology Services,Packaged Software,Technology,62586509440.564705
CIEN,Ciena Corporation,NYSE,Electronic Technology,Telecommunications Equipment,Technology,62162481058.27866
TEL,TE Connectivity plc,NYSE,Electronic Technology,Semiconductors,Technology,61871869512.87458
TRGP,"Targa Resources, Inc.",NYSE,Utilities,Gas Distributors,Utilities,61804377442.51295
APD,"Air Products and Chemicals, Inc.",NYSE,Process Industries,Chemicals: Specialty,Materials,61474010065.10336
MET,"MetLife, Inc.",NYSE,Finance,Multi-Line Insurance,Financials,61437908684.54876
FIX,"Comfort Systems USA, Inc.",NYSE,Industrial Services,Engineering & Construction,Industrials,60972061621.13284
BSX,Boston Scientific Corporation,NYSE,Health Technology,Medical Specialties,Health Care,60961841273.66606
TDG,Transdigm Group Inc.,NYSE,Electronic Technology,Aerospace & Defense,Technology,60567037504.190025
COR,"Cencora, Inc.",NYSE,Distribution Services,Medical Distributors,Health Care,60146818534.35577
OXY,Occidental Petroleum Corporation,NYSE,Energy Minerals,Integrated Oil,Energy,59578387515.444084
AJG,Arthur J. Gallagher & Co.,NYSE,Finance,Insurance Brokers/Services,Financials,58399235287.98397
MSTR,Strategy Inc,NASDAQ,Technology Services,Internet Software/Services,Communication,58398433444.72635
MPLX,MPLX LP,NYSE,Industrial Services,Oil & Gas Pipelines,Energy,58151969765.50729
AON,Aon plc,NYSE,Finance,Insurance Brokers/Services,Financials,57847669059.136185
NXPI,NXP Semiconductors N.V.,NASDAQ,Electronic Technology,Semiconductors,Technology,57379957024.35232
LNG,"Cheniere Energy, Inc.",NYSE,Industrial Services,Oil & Gas Pipelines,Energy,57373123870.63098
ALL,Allstate Corporation (The),NYSE,Finance,Multi-Line Insurance,Financials,57306462061.42204
FAST,Fastenal Company,NASDAQ,Distribution Services,Wholesale Distributors,Industrials,57036374313.6453
OKE,"ONEOK, Inc.",NYSE,Energy Minerals,Integrated Oil,Energy,56812477242.17376
AFL,AFLAC Incorporated,NYSE,Finance,Multi-Line Insurance,Financials,56564059317.6264
AME,"AMETEK, Inc.",NYSE,Producer Manufacturing,Electrical Products,Industrials,56535822085.728424
NUE,Nucor Corporation,NYSE,Non-Energy Minerals,Steel,Materials,56291824952.51856
NTRA,"Natera, Inc.",NASDAQ,Health Technology,Biotechnology,Health Care,56084980756.87027
PCAR,PACCAR Inc.,NASDAQ,Producer Manufacturing,Trucks/Construction/Farm Machinery,Industrials,55973646890.25548
BKR,Baker Hughes Company,NASDAQ,Industrial Services,Contract Drilling,Energy,55579821153.33099
VST,Vistra Corp.,NYSE,Utilities,Electric Utilities,Utilities,55399945340.756355
TFC,Truist Financial Corporation,NYSE,Finance,Regional Banks,Financials,55327453758.761086
DAL,"Delta Air Lines, Inc.",NYSE,Transportation,Airlines,Industrials,54359116809.3899
D,"Dominion Energy, Inc.",NYSE,Utilities,Electric Utilities,Utilities,53976505863.4011
CRH,CRH PLC,NYSE,Non-Energy Minerals,Construction Materials,Materials,53808208531.11516
CAH,"Cardinal Health, Inc.",NYSE,Distribution Services,Medical Distributors,Health Care,53696296531.82697
DVN,Devon Energy Corporation,NYSE,Energy Minerals,Integrated Oil,Energy,53311501189.3562
FANG,"Diamondback Energy, Inc.",NASDAQ,Energy Minerals,Oil & Gas Production,Energy,53025888934.405914
PSA,Public Storage,NYSE,Finance,Real Estate Investment Trusts,Real Estate,52778278710.34263
SRE,DBA Sempra,NYSE,Utilities,Gas Distributors,Utilities,52155096753.74577
P,"Everpure, Inc.",NYSE,Electronic Technology,Computer Peripherals,Technology,51428631085.263596
NKE,"Nike, Inc.",NYSE,Consumer Non-Durables,Apparel/Footwear,Consumer Staples,51094478349.94609
NDAQ,"Nasdaq, Inc.",NASDAQ,Finance,Investment Banks/Brokers,Financials,51034632768.57608
GRMN,Garmin Ltd.,NYSE,Electronic Technology,Telecommunications Equipment,Technology,50950673202.0843
O,Realty Income Corporation,NYSE,Finance,Real Estate Investment Trusts,Real Estate,50466539779.22681
TEAM,Atlassian Corporation,NASDAQ,Technology Services,Packaged Software,Technology,49934161970.00572
BDX,"Becton, Dickinson and Company",NYSE,Health Technology,Medical Specialties,Health Care,48983321092.77232
ETR,Entergy Corporation,NYSE,Utilities,Electric Utilities,Utilities,48910080627.6
ADSK,"Autodesk, Inc.",NASDAQ,Technology Services,Packaged Software,Technology,48431570628.988464
EBAY,eBay Inc.,NASDAQ,Retail Trade,Internet Retail,Consumer Discretionary,48393749313.743034
F,Ford Motor Company,NYSE,Consumer Durables,Motor Vehicles,Consumer Discretionary,48070463107.97526
ROK,"Rockwell Automation, Inc.",NYSE,Producer Manufacturing,Electrical Products,Industrials,47900848821.78672
EW,Edwards Lifesciences Corporation,NYSE,Health Technology,Medical Specialties,Health Care,47855611346.325195
STT,State Street Corporation,NYSE,Finance,Investment Banks/Brokers,Financials,47656634063.33019
AZO,"AutoZone, Inc.",NYSE,Retail Trade,Specialty Stores,Consumer Discretionary,46909276901.56599
CRWV,"CoreWeave, Inc.",NASDAQ,Technology Services,Packaged Software,Technology,46908460753.9882
WAB,Westinghouse Air Brake Technologies Corporation,NYSE,Producer Manufacturing,Trucks/Construction/Farm Machinery,Industrials,46830531597.79069
COIN,"Coinbase Global, Inc.",NASDAQ,Finance,Investment Banks/Brokers,Financials,46637147305.00001
PYPL,"PayPal Holdings, Inc.",NASDAQ,Commercial Services,Miscellaneous Commercial Services,Industrials,46571718491.393394
MDLN,Medline Inc.,NASDAQ,Health Technology,Medical Specialties,Health Care,46501204225.11283
A,"Agilent Technologies, Inc.",NYSE,Health Technology,Medical Specialties,Health Care,46422400637.82045
HUM,Humana Inc.,NYSE,Health Services,Managed Health Care,Health Care,46264541823.09934
NTAP,"NetApp, Inc.",NASDAQ,Electronic Technology,Computer Peripherals,Technology,46020974021.435295
VMRK,Vivmark Residential,NYSE,Finance,Real Estate Investment Trusts,Real Estate,46001169024.115364
AU,AngloGold Ashanti PLC,NYSE,Non-Energy Minerals,Precious Metals,Materials,45930431572.533035
VEEV,Veeva Systems Inc.,NYSE,Technology Services,Packaged Software,Technology,45631579046.7447
XEL,Xcel Energy Inc.,NASDAQ,Utilities,Electric Utilities,Utilities,45389053051.03467
FITB,Fifth Third Bancorp,NYSE,Finance,Regional Banks,Financials,45371834716.70811
CARR,Carrier Global Corporation,NYSE,Producer Manufacturing,Industrial Machinery,Industrials,45356508774.65514
CCEP,Coca-Cola Europacific Partners plc,NASDAQ,Consumer Non-Durables,Beverages: Non-Alcoholic,Consumer Staples,45245871097.82138
XYZ,"Block, Inc.",NYSE,Commercial Services,Miscellaneous Commercial Services,Industrials,44999693546.39281
WDAY,"Workday, Inc.",NASDAQ,Technology Services,Information Technology Services,Technology,44563308671.32943
LHX,"L3Harris Technologies, Inc.",NYSE,Electronic Technology,Aerospace & Defense,Technology,43801402624.829094
FLEX,Flex Ltd.,NASDAQ,Electronic Technology,Electronic Production Equipment,Technology,43426379868.80996
AMP,"Ameriprise Financial, Inc.",NYSE,Finance,Investment Managers,Financials,43331861559.79004
TWLO,Twilio Inc.,NYSE,Technology Services,Packaged Software,Technology,42917364734.74235
EXC,Exelon Corporation,NASDAQ,Utilities,Electric Utilities,Utilities,42652733131.838036
KDP,Keurig Dr Pepper Inc.,NASDAQ,Consumer Non-Durables,Beverages: Non-Alcoholic,Consumer Staples,42355712070.002464
VTR,"Ventas, Inc.",NYSE,Finance,Real Estate Investment Trusts,Real Estate,42283290155.658165
RKLB,Rocket Lab Corporation,NASDAQ,Electronic Technology,Aerospace & Defense,Technology,42053767517.7144
WAT,Waters Corporation,NYSE,Health Technology,Medical Specialties,Health Care,41746111356.21744
IQV,"IQVIA Holdings, Inc.",NYSE,Health Technology,Biotechnology,Health Care,41652029180.38898
CRDO,Credo Technology Group Holding Ltd,NASDAQ,Technology Services,Information Technology Services,Technology,41424602035.796555
FERG,Ferguson Enterprises Inc.,NYSE,Distribution Services,Wholesale Distributors,Industrials,41412421804.292564
MCHP,Microchip Technology Incorporated,NASDAQ,Electronic Technology,Semiconductors,Technology,41404409076.77519
CMG,"Chipotle Mexican Grill, Inc.",NYSE,Consumer Services,Restaurants,Consumer Discretionary,41328551474.53623
LYV,"Live Nation Entertainment, Inc.",NYSE,Consumer Services,Movies/Entertainment,Communication,40387643656.772415
MSCI,MSCI Inc.,NYSE,Commercial Services,Financial Publishing/Services,Industrials,40288157662.91945
IDXX,"IDEXX Laboratories, Inc.",NASDAQ,Health Technology,Medical Specialties,Health Care,40262274312.89242
AIG,"American International Group, Inc. New",NYSE,Finance,Multi-Line Insurance,Financials,39734650677.40721
ADM,Archer-Daniels-Midland Company,NYSE,Process Industries,Agricultural Commodities/Milling,Materials,39655633668.645195
RVMD,"Revolution Medicines, Inc.",NASDAQ,Health Technology,Pharmaceuticals: Other,Health Care,39174267587.67362
OKTA,"Okta, Inc.",NASDAQ,Technology Services,Packaged Software,Technology,39012999741.07816
ILMN,"Illumina, Inc.",NASDAQ,Health Technology,Medical Specialties,Health Care,38936106420.43668
PRU,"Prudential Financial, Inc.",NYSE,Finance,Life/Health Insurance,Financials,38853900211.48826
TTWO,"Take-Two Interactive Software, Inc.",NASDAQ,Technology Services,Packaged Software,Technology,38826486953.84565
YUM,"Yum! Brands, Inc.",NYSE,Consumer Services,Restaurants,Consumer Discretionary,38640067371.45123
ED,"Consolidated Edison, Inc.",NYSE,Utilities,Electric Utilities,Utilities,38467132379.28765
SYY,Sysco Corporation,NYSE,Distribution Services,Food Distributors,Consumer Staples,38130711912.18498
DHI,"D.R. Horton, Inc.",NYSE,Consumer Durables,Homebuilding,Consumer Discretionary,37478574539.341385
ODFL,"Old Dominion Freight Line, Inc.",NASDAQ,Transportation,Trucking,Industrials,37458975053.8577
CBRE,CBRE Group Inc,NYSE,Finance,Real Estate Development,Real Estate,36650099342.72162
PAYX,"Paychex, Inc.",NASDAQ,Technology Services,Data Processing Services,Technology,36338487342.107735
VIK,Viking Holdings Ltd,NYSE,Consumer Services,Hotels/Resorts/Cruise lines,Consumer Discretionary,36198958097.743416
PEG,Public Service Enterprise Group Incorporated,NYSE,Utilities,Electric Utilities,Utilities,35681889883.63424
KR,Kroger Company (The),NYSE,Retail Trade,Food Retail,Consumer Staples,35553438781.88017
ZS,"Zscaler, Inc.",NASDAQ,Technology Services,Packaged Software,Technology,35500270392.22589
ROP,"Roper Technologies, Inc.",NASDAQ,Technology Services,Packaged Software,Technology,35432226867.27802
UAL,"United Airlines Holdings, Inc.",NASDAQ,Transportation,Airlines,Industrials,35201109352.5919
HEI,Heico Corporation,NYSE,Electronic Technology,Aerospace & Defense,Technology,34942348751.77159
CCL,Carnival Corporation Ltd.,NYSE,Consumer Services,Hotels/Resorts/Cruise lines,Consumer Discretionary,34832124324.48872
EME,"EMCOR Group, Inc.",NYSE,Industrial Services,Engineering & Construction,Industrials,34598041100.024475
HIG,"The Hartford Insurance Group, Inc.",NYSE,Finance,Property/Casualty Insurance,Financials,34460336522.60967
TKO,"TKO Group Holdings, Inc.",NYSE,Consumer Services,Movies/Entertainment,Communication,34074226538.90008
STLD,"Steel Dynamics, Inc.",NASDAQ,Non-Energy Minerals,Steel,Materials,33954425052.200863
EL,"Estee Lauder Companies, Inc. (The)",NYSE,Consumer Non-Durables,Household/Personal Care,Consumer Staples,33797468660.633144
IRM,Iron Mountain Incorporated (Delaware),NYSE,Finance,Real Estate Investment Trusts,Real Estate,33772896395.29827
KVUE,Kenvue Inc.,NYSE,Consumer Non-Durables,Household/Personal Care,Consumer Staples,33738388895.21791
MLM,"Martin Marietta Materials, Inc.",NYSE,Non-Energy Minerals,Construction Materials,Materials,33663634596.96875
VG,"Venture Global, Inc.",NYSE,Industrial Services,Oil & Gas Pipelines,Energy,33638749940.63104
WEC,"WEC Energy Group, Inc.",NYSE,Utilities,Electric Utilities,Utilities,33481022376.53615
EQT,EQT Corporation,NYSE,Energy Minerals,Integrated Oil,Energy,32914652321.36455
AXON,"Axon Enterprise, Inc.",NASDAQ,Electronic Technology,Aerospace & Defense,Technology,32766703741.467503
HSY,The Hershey Company,NYSE,Consumer Non-Durables,Food: Specialty/Candy,Consumer Staples,32677584754.72745
RKT,"Rocket Companies, Inc.",NYSE,Finance,Finance/Rental/Leasing,Financials,32478936591.458046
BIIB,Biogen Inc.,NASDAQ,Health Technology,Pharmaceuticals: Major,Health Care,32300500572.149895
ACGL,Arch Capital Group Ltd.,NASDAQ,Finance,Multi-Line Insurance,Financials,32222266991.25984
KMB,Kimberly-Clark Corporation,NASDAQ,Consumer Non-Durables,Household/Personal Care,Consumer Staples,32135450909.55509
RBLX,Roblox Corporation,NYSE,Technology Services,Packaged Software,Technology,31889741587.051067
RPRX,Royalty Pharma plc,NASDAQ,Health Technology,Pharmaceuticals: Major,Health Care,31886596067.96512
QSR,Restaurant Brands International Inc.,NYSE,Consumer Services,Restaurants,Consumer Discretionary,31838525856.235054
DXCM,"DexCom, Inc.",NASDAQ,Health Technology,Medical Specialties,Health Care,31651133909.168148
CNC,Centene Corporation,NYSE,Health Services,Managed Health Care,Health Care,31598388823.654488
EXPE,"Expedia Group, Inc.",NASDAQ,Consumer Services,Other Consumer Services,Consumer Discretionary,31546662814.8541
RMD,ResMed Inc.,NYSE,Health Technology,Medical Specialties,Health Care,31536945206.655457
ON,ON Semiconductor Corporation,NASDAQ,Electronic Technology,Semiconductors,Technology,31499210992.394733
JBL,Jabil Inc.,NYSE,Producer Manufacturing,Industrial Machinery,Industrials,31394211239.298763
VMC,Vulcan Materials Company (Holding Company),NYSE,Non-Energy Minerals,Construction Materials,Materials,31389801372.977634
MTB,M&T Bank Corporation,NYSE,Finance,Regional Banks,Financials,30994618369.33001
NTRS,Northern Trust Corporation,NASDAQ,Finance,Investment Managers,Financials,30712764964.50184
HBAN,Huntington Bancshares Incorporated,NASDAQ,Finance,Major Banks,Financials,30457755026.919907
BAP,Credicorp Ltd.,NYSE,Finance,Major Banks,Financials,30290404931.86301
RJF,"Raymond James Financial, Inc.",NYSE,Finance,Investment Managers,Financials,30221950591.520702
RDDT,"Reddit, Inc.",NYSE,Technology Services,Internet Software/Services,Communication,30217798830.762886
IR,Ingersoll Rand Inc.,NYSE,Producer Manufacturing,Industrial Machinery,Industrials,30188296425.573673
ZTS,Zoetis Inc.,NYSE,Health Technology,Pharmaceuticals: Major,Health Care,29741770043.46436
MDB,"MongoDB, Inc.",NASDAQ,Technology Services,Packaged Software,Technology,29651178660.17222
ALNY,"Alnylam Pharmaceuticals, Inc.",NASDAQ,Health Technology,Pharmaceuticals: Major,Health Care,29648757977.479057
CCI,Crown Castle Inc.,NYSE,Finance,Real Estate Investment Trusts,Real Estate,29092644183.77568
HPQ,HP Inc.,NYSE,Technology Services,Information Technology Services,Technology,29033163259.184708
GEHC,GE HealthCare Technologies Inc.,NASDAQ,Health Technology,Medical Specialties,Health Care,28758862645.01732
SMCI,"Super Micro Computer, Inc.",NASDAQ,Electronic Technology,Computer Processing Hardware,Technology,28646975089.06342
PCG,Pacific Gas & Electric Co.,NYSE,Utilities,Electric Utilities,Utilities,28201308626.052383
AEE,Ameren Corporation,NYSE,Utilities,Electric Utilities,Utilities,27936253456.036617
WSM,"Williams-Sonoma, Inc.",NYSE,Retail Trade,Specialty Stores,Consumer Discretionary,27864786848.893543
GFS,GlobalFoundries Inc.,NASDAQ,Electronic Technology,Semiconductors,Technology,27729761631.512897
EXR,Extra Space Storage Inc,NYSE,Finance,Real Estate Investment Trusts,Real Estate,27728072991.62339
ECHO,EchoStar Corporation,NASDAQ,Communications,Specialty Telecommunications,Communication,27668220251.917084
Q,"Qnity Electronics, Inc.",NYSE,Electronic Technology,Electronic Equipment/Instruments,Technology,27242090536.201088
ZM,"Zoom Communications, Inc.",NASDAQ,Technology Services,Packaged Software,Technology,27205913489.64102
DG,Dollar General Corporation,NYSE,Retail Trade,Discount Stores,Consumer Discretionary,27195431662.32438
FTI,TechnipFMC plc,NYSE,Industrial Services,Oilfield Services/Equipment,Energy,27084832657.31805
WTW,Willis Towers Watson Public Limited Company,NASDAQ,Finance,Insurance Brokers/Services,Financials,27047096514.145767
HAL,Halliburton Company,NYSE,Industrial Services,Oilfield Services/Equipment,Energy,26968430112.0737
NVT,nVent Electric plc,NYSE,Electronic Technology,Electronic Components,Technology,26938018241.64742
TSEM,Tower Semiconductor Ltd.,NASDAQ,Electronic Technology,Semiconductors,Technology,26897466540.12326
CPNG,"Coupang, Inc.",NYSE,Retail Trade,Internet Retail,Consumer Discretionary,26881788687.268394
VRSN,"VeriSign, Inc.",NASDAQ,Technology Services,Internet Software/Services,Communication,26831743018.00394
ATO,Atmos Energy Corporation,NYSE,Utilities,Gas Distributors,Utilities,26782149993.8643
FFIV,"F5, Inc.",NASDAQ,Technology Services,Packaged Software,Technology,26494725570.957764
CFG,"Citizens Financial Group, Inc.",NYSE,Finance,Major Banks,Financials,26433055107.251625
KHC,The Kraft Heinz Company,NYSE,Consumer Non-Durables,Food: Major Diversified,Consumer Staples,26366790097.97338
DTE,DTE Energy Company,NYSE,Utilities,Electric Utilities,Utilities,26341887688.071846
CPAY,"Corpay, Inc.",NYSE,Commercial Services,Miscellaneous Commercial Services,Industrials,26160097078.582954
WRB,W.R. Berkley Corporation,NYSE,Finance,Multi-Line Insurance,Financials,26114002492.514336
LPLA,LPL Financial Holdings Inc.,NASDAQ,Finance,Investment Banks/Brokers,Financials,25879438968.16804
CTSH,Cognizant Technology Solutions Corporation,NASDAQ,Technology Services,Information Technology Services,Technology,25860002179.89627
FE,FirstEnergy Corp.,NYSE,Utilities,Electric Utilities,Utilities,25749478993.808884
ARES,Ares Management Corporation,NYSE,Finance,Investment Managers,Financials,25728264385.152824
ATI,ATI Inc.,NYSE,Non-Energy Minerals,Other Metals/Minerals,Materials,25661311249.47592
MTSI,"MACOM Technology Solutions Holdings, Inc.",NASDAQ,Electronic Technology,Semiconductors,Technology,25638483814.652733
TW,Tradeweb Markets Inc.,NASDAQ,Finance,Investment Banks/Brokers,Financials,25574608657.766853
SN,"SharkNinja, Inc.",NYSE,Consumer Durables,Electronics/Appliances,Consumer Discretionary,25561143359.387924
PPL,PPL Corporation,NYSE,Utilities,Electric Utilities,Utilities,25499981114.912518
WST,"West Pharmaceutical Services, Inc.",NYSE,Health Technology,Medical Specialties,Health Care,25458440043.896767
AFRM,"Affirm Holdings, Inc.",NASDAQ,Finance,Finance/Rental/Leasing,Financials,25444935789.107018
SYM,Symbotic Inc.,NASDAQ,Producer Manufacturing,Industrial Machinery,Industrials,25323048382.605396
ENTG,"Entegris, Inc.",NASDAQ,Producer Manufacturing,Industrial Machinery,Industrials,25307501620.20127
LH,Labcorp Holdings Inc.,NYSE,Health Services,Medical/Nursing Services,Health Care,25233048124.009052
CNP,"CenterPoint Energy, Inc (Holding Co)",NYSE,Utilities,Electric Utilities,Utilities,25225694502.73073
RBRK,"Rubrik, Inc.",NYSE,Technology Services,Information Technology Services,Technology,25197854359.582554
DOV,Dover Corporation,NYSE,Producer Manufacturing,Industrial Machinery,Industrials,25197321752.892723
AWK,"American Water Works Company, Inc.",NYSE,Utilities,Water Utilities,Utilities,25190886057.695717
FOX,Fox Corporation,NASDAQ,Consumer Services,Broadcasting,Communication,25121601381.315205
HUBB,Hubbell Inc,NYSE,Producer Manufacturing,Electrical Products,Industrials,25105772877.551167
DGX,Quest Diagnostics Incorporated,NYSE,Health Services,Services to the Health Industry,Health Care,25088416252.83141
OTIS,Otis Worldwide Corporation,NYSE,Industrial Services,Engineering & Construction,Industrials,24945261173.767727
VICI,VICI Properties Inc.,NYSE,Finance,Real Estate Investment Trusts,Real Estate,24911878097.725266
CHRW,"C.H. Robinson Worldwide, Inc.",NASDAQ,Transportation,Air Freight/Couriers,Industrials,24866429189.156124
CINF,Cincinnati Financial Corporation,NASDAQ,Finance,Multi-Line Insurance,Financials,24846560411.09157
EXPD,"Expeditors International of Washington, Inc.",NYSE,Transportation,Air Freight/Couriers,Industrials,24846410024.226353
ES,Eversource Energy (D/B/A),NYSE,Utilities,Electric Utilities,Utilities,24604393449.50521
CPRT,"Copart, Inc.",NASDAQ,Retail Trade,Specialty Stores,Consumer Discretionary,24603337377.586773
ROIV,Roivant Sciences Ltd.,NASDAQ,Health Technology,Pharmaceuticals: Major,Health Care,24306168884.15252
BIP,Brookfield Infrastructure Partners LP Limited Partnership,NYSE,Utilities,Alternative Power Generation,Utilities,24079183335.54072
FISV,"Fiserv, Inc.",NASDAQ,Commercial Services,Miscellaneous Commercial Services,Industrials,23985338796.35157
IOT,Samsara Inc.,NYSE,Technology Services,Packaged Software,Technology,23860483446.53456
CASY,"Caseys General Stores, Inc.",NASDAQ,Retail Trade,Specialty Stores,Consumer Discretionary,23698766635.683426
ULTA,"Ulta Beauty, Inc.",NASDAQ,Retail Trade,Specialty Stores,Consumer Discretionary,23689349488.713276
XYL,Xylem Inc.,NYSE,Producer Manufacturing,Industrial Machinery,Industrials,23572828913.494404
SYF,Synchrony Financial,NYSE,Finance,Finance/Rental/Leasing,Financials,23470626336.45377
PFG,Principal Financial Group Inc,NASDAQ,Finance,Investment Managers,Financials,23238918861.23701
VLTO,Veralto Corp,NYSE,Producer Manufacturing,Industrial Machinery,Industrials,23233507090.729134
PPG,"PPG Industries, Inc.",NYSE,Process Industries,Industrial Specialties,Materials,23171441222.145794
LVS,Las Vegas Sands Corp.,NYSE,Consumer Services,Casinos/Gaming,Consumer Discretionary,23061401108.67551
CHD,"Church & Dwight Company, Inc.",NYSE,Consumer Non-Durables,Household/Personal Care,Consumer Staples,23056219390.437206
UTHR,United Therapeutics Corporation,NASDAQ,Health Technology,Biotechnology,Health Care,22886901010.613724
NRG,"NRG Energy, Inc.",NYSE,Utilities,Electric Utilities,Utilities,22870900323.373535
TPR,"Tapestry, Inc.",NYSE,Retail Trade,Apparel/Footwear Retail,Consumer Discretionary,22835468473.615234
ROKU,"Roku, Inc.",NASDAQ,Technology Services,Packaged Software,Technology,22763403403.813133
DRI,"Darden Restaurants, Inc.",NYSE,Consumer Services,Restaurants,Consumer Discretionary,22750840629.819443
RF,Regions Financial Corporation,NYSE,Finance,Major Banks,Financials,22631507930.621914
ASTS,"AST SpaceMobile, Inc.",NASDAQ,Communications,Specialty Telecommunications,Communication,22600902877.531746
INCY,Incyte Corporation,NASDAQ,Health Technology,Pharmaceuticals: Major,Health Care,22431547418.80439
VRSK,"Verisk Analytics, Inc.",NASDAQ,Technology Services,Data Processing Services,Technology,22335423034.241432
DLTR,"Dollar Tree, Inc.",NASDAQ,Retail Trade,Discount Stores,Consumer Discretionary,22178839578.97584
TROW,"T. Rowe Price Group, Inc.",NASDAQ,Finance,Investment Managers,Financials,22176314835.484577
GH,"Guardant Health, Inc.",NASDAQ,Health Technology,Medical Specialties,Health Care,22056482247.23436
RL,Ralph Lauren Corporation,NYSE,Consumer Non-Durables,Apparel/Footwear,Consumer Staples,21676124806.98535
AER,AerCap Holdings N.V.,NYSE,Finance,Finance/Rental/Leasing,Financials,21667310455.44174
L,Loews Corporation,NYSE,Finance,Property/Casualty Insurance,Financials,21562013300.46252
GPN,Global Payments Inc.,NYSE,Finance,Finance/Rental/Leasing,Financials,21529351694.424274
XPO,"XPO, Inc.",NYSE,Transportation,Trucking,Industrials,21460194012.471554
INSM,Insmed Incorporated,NASDAQ,Health Technology,Pharmaceuticals: Major,Health Care,21390467499.465305
IFF,"International Flavors & Fragrances, Inc.",NYSE,Consumer Non-Durables,Food: Specialty/Candy,Consumer Staples,21379015587.12448
SNX,TD SYNNEX Corporation,NYSE,Distribution Services,Electronics Distributors,Technology,21370001166.45787
JBHT,"J.B. Hunt Transport Services, Inc.",NASDAQ,Transportation,Trucking,Industrials,21298969157.4417
SW,Smurfit WestRock plc,NYSE,Process Industries,Containers/Packaging,Materials,21286818182.378784
DINO,HF Sinclair Corporation,NYSE,Energy Minerals,Oil Refining/Marketing,Energy,21229168307.34351
PHM,"PulteGroup, Inc.",NYSE,Consumer Durables,Homebuilding,Consumer Discretionary,21071540945.857918
KEY,KeyCorp,NYSE,Finance,Major Banks,Financials,21059781657.084217
USFD,US Foods Holding Corp.,NYSE,Distribution Services,Food Distributors,Consumer Staples,21055469549.116085
PTC,PTC Inc.,NASDAQ,Technology Services,Packaged Software,Technology,21035544719.138428
THC,Tenet Healthcare Corporation,NYSE,Health Services,Hospital/Nursing Management,Health Care,20984054773.56345
EIX,Edison International,NYSE,Utilities,Electric Utilities,Utilities,20876542347.76269
BRO,"Brown & Brown, Inc.",NYSE,Finance,Insurance Brokers/Services,Financials,20812764278.927414
STZ,"Constellation Brands, Inc.",NYSE,Consumer Non-Durables,Beverages: Alcoholic,Consumer Staples,20766343058.542107
BG,Bunge Limited,NYSE,Process Industries,Agricultural Commodities/Milling,Materials,20705639155.76912
CRCL,"Circle Internet Group, Inc.",NYSE,Technology Services,Packaged Software,Technology,20579956847.676025
OMC,Omnicom Group Inc.,NYSE,Commercial Services,Advertising/Marketing Services,Industrials,20553315544.42267
EXE,Expand Energy Corporation,NASDAQ,Energy Minerals,Integrated Oil,Energy,20484612981.860302
RIVN,"Rivian Automotive, Inc.",NASDAQ,Consumer Durables,Motor Vehicles,Consumer Discretionary,20407595657.303696
DOW,Dow Inc.,NYSE,Process Industries,Chemicals: Specialty,Materials,20402513358.32355
U,Unity Software Inc.,NYSE,Technology Services,Packaged Software,Technology,20395920762.003304
STE,STERIS plc (Ireland),NYSE,Health Technology,Medical Specialties,Health Care,20340959072.907528
CMS,CMS Energy Corporation,NYSE,Utilities,Electric Utilities,Utilities,20313525603.231293
PKG,Packaging Corporation of America,NYSE,Process Industries,Containers/Packaging,Materials,20225313445.72057
LUV,Southwest Airlines Company,NYSE,Transportation,Airlines,Industrials,20189622629.64861
SITM,SiTime Corporation,NASDAQ,Electronic Technology,Semiconductors,Technology,19952431882.6183
SOFI,"SoFi Technologies, Inc.",NASDAQ,Finance,Finance/Rental/Leasing,Financials,19948305167.277138
NTNX,"Nutanix, Inc.",NASDAQ,Technology Services,Data Processing Services,Technology,19911259817.226097
VTRS,Viatris Inc.,NASDAQ,Health Technology,Pharmaceuticals: Major,Health Care,19755761850.47456
AMRZ,Amrize Ltd,NYSE,Non-Energy Minerals,Construction Materials,Materials,19678382691.517998
RGLD,"Royal Gold, Inc.",NASDAQ,Non-Energy Minerals,Precious Metals,Materials,19506895039.691387
NI,NiSource Inc,NYSE,Utilities,Gas Distributors,Utilities,19357443434.508633
CRS,Carpenter Technology Corporation,NYSE,Non-Energy Minerals,Other Metals/Minerals,Materials,19278531035.661438
FSLR,"First Solar, Inc.",NASDAQ,Electronic Technology,Semiconductors,Technology,19273632230.495197
LYB,LyondellBasell Industries NV,NYSE,Process Industries,Chemicals: Specialty,Materials,19269213277.442295
WWD,"Woodward, Inc.",NASDAQ,Producer Manufacturing,Industrial Machinery,Industrials,19253071226.301003
AMCR,Amcor plc,NYSE,Process Industries,Containers/Packaging,Materials,19032458838.88851
WES,"Western Midstream Partners, LP",NYSE,Industrial Services,Oil & Gas Pipelines,Energy,18971530793.090717
PR,Permian Resources Corporation,NYSE,Energy Minerals,Integrated Oil,Energy,18958186670.21044
CHTR,"Charter Communications, Inc.",NASDAQ,Consumer Services,Cable/Satellite TV,Communication,18938480727.024685
SWKS,"Skyworks Solutions, Inc.",NASDAQ,Electronic Technology,Semiconductors,Technology,18812067649.209457
CW,Curtiss-Wright Corporation,NYSE,Electronic Technology,Aerospace & Defense,Technology,18790398827.295715
SSNC,"SS&C Technologies Holdings, Inc.",NASDAQ,Technology Services,Packaged Software,Technology,18570595883.460228
MKSI,MKS Inc.,NASDAQ,Producer Manufacturing,Industrial Machinery,Industrials,18476496138.21984
EVRG,"Evergy, Inc.",NASDAQ,Utilities,Electric Utilities,Utilities,18438761101.977325
LEN,Lennar Corporation,NYSE,Consumer Durables,Homebuilding,Consumer Discretionary,18211678096.393013
BBY,"Best Buy Co., Inc.",NYSE,Retail Trade,Electronics/Appliance Stores,Consumer Discretionary,18204364171.19281
GFL,"GFL Environmental Inc. Subordinate voting shares, no par value",NYSE,Industrial Services,Environmental Services,Industrials,18194973274.86405
SMTC,Semtech Corporation,NASDAQ,Electronic Technology,Semiconductors,Technology,18179831159.407578
ZBRA,Zebra Technologies Corporation,NASDAQ,Electronic Technology,Computer Processing Hardware,Technology,18153691555.673847
LSCC,Lattice Semiconductor Corporation,NASDAQ,Electronic Technology,Semiconductors,Technology,18115960190.376747
BR,"Broadridge Financial Solutions, Inc.",NYSE,Technology Services,Information Technology Services,Technology,18091101685.903206
NDSN,Nordson Corporation,NASDAQ,Producer Manufacturing,Industrial Machinery,Industrials,17990338850.68571
SBAC,SBA Communications Corporation,NASDAQ,Finance,Real Estate Investment Trusts,Real Estate,17923056575.090385
TSN,"Tyson Foods, Inc.",NYSE,Consumer Non-Durables,Food: Meat/Fish/Dairy,Consumer Staples,17865844155.366726
ITT,ITT Inc.,NYSE,Producer Manufacturing,Auto Parts: OEM,Industrials,17752158248.720345
TLN,Talen Energy Corporation,NASDAQ,Utilities,Alternative Power Generation,Utilities,17750744057.53394
FN,Fabrinet,NYSE,Electronic Technology,Semiconductors,Technology,17725893194.38679
TOST,"Toast, Inc.",NYSE,Technology Services,Packaged Software,Technology,17688544558.522583
FTAI,FTAI Aviation Ltd.,NASDAQ,Electronic Technology,Aerospace & Defense,Technology,17617347723.914433
WCC,"WESCO International, Inc.",NYSE,Distribution Services,Wholesale Distributors,Industrials,17613272516.601933
DD,"DuPont de Nemours, Inc.",NYSE,Process Industries,Chemicals: Major Diversified,Materials,17612304230.380074
DT,"Dynatrace, Inc.",NYSE,Technology Services,Packaged Software,Technology,17499079750.723118
MTZ,"MasTec, Inc.",NYSE,Industrial Services,Engineering & Construction,Industrials,17470340816.257107
APG,APi Group Corporation,NYSE,Industrial Services,Engineering & Construction,Industrials,17459496765.196964
FIS,"Fidelity National Information Services, Inc.",NYSE,Technology Services,Packaged Software,Technology,17338033298.405674
OVV,Ovintiv Inc. (DE),NYSE,Energy Minerals,Integrated Oil,Energy,17336063710.458984
CDE,"Coeur Mining, Inc.",NYSE,Non-Energy Minerals,Precious Metals,Materials,17305286711.633034
CF,"CF Industries Holdings, Inc.",NYSE,Process Industries,Chemicals: Agricultural,Materials,17288867141.452637
PAA,"Plains All American Pipeline, L.P.",NASDAQ,Industrial Services,Oil & Gas Pipelines,Energy,17265211564.273556
CDW,CDW Corporation,NASDAQ,Technology Services,Information Technology Services,Technology,17258657572.022003
BURL,"Burlington Stores, Inc.",NYSE,Retail Trade,Apparel/Footwear Retail,Consumer Discretionary,17211991973.823708
GPC,Genuine Parts Company,NYSE,Distribution Services,Wholesale Distributors,Industrials,17207657209.306595
ESS,"Essex Property Trust, Inc.",NYSE,Finance,Real Estate Investment Trusts,Real Estate,17199840538.138405
TSCO,Tractor Supply Company,NASDAQ,Retail Trade,Specialty Stores,Consumer Discretionary,17087510323.546432
GIS,"General Mills, Inc.",NYSE,Consumer Non-Durables,Food: Major Diversified,Consumer Staples,17069886991.930279
EWBC,"East West Bancorp, Inc.",NASDAQ,Finance,Regional Banks,Financials,17067566454.315239
TPG,TPG Inc.,NASDAQ,Finance,Investment Managers,Financials,17022909634.680523
IEX,IDEX Corporation,NYSE,Producer Manufacturing,Industrial Machinery,Industrials,16920929381.188526
FTV,Fortive Corporation,NYSE,Electronic Technology,Electronic Equipment/Instruments,Technology,16866142814.30812
LNT,Alliant Energy Corporation,NASDAQ,Utilities,Electric Utilities,Utilities,16839244506.865435
ZBH,"Zimmer Biomet Holdings, Inc.",NYSE,Health Technology,Medical Specialties,Health Care,16790638107.483673
EFX,"Equifax, Inc.",NYSE,Commercial Services,Financial Publishing/Services,Industrials,16761570024.89293
IP,International Paper Company,NYSE,Process Industries,Pulp & Paper,Materials,16670859827.7423
CLH,"Clean Harbors, Inc.",NYSE,Industrial Services,Environmental Services,Industrials,16654904658.555996
RGA,"Reinsurance Group of America, Incorporated",NYSE,Finance,Life/Health Insurance,Financials,16604907616.347153
RVTY,"Revvity, Inc.",NYSE,Health Technology,Medical Specialties,Health Care,16598476955.452475
IONQ,"IonQ, Inc.",NYSE,Electronic Technology,Computer Processing Hardware,Technology,16444555216.843977
BEN,"Franklin Templeton, Inc.",NYSE,Finance,Investment Managers,Financials,16357535703.316042
STRL,"Sterling Infrastructure, Inc.",NASDAQ,Industrial Services,Engineering & Construction,Industrials,16275538882.233913
APA,APA Corporation,NASDAQ,Energy Minerals,Integrated Oil,Energy,15981284239.954348
NWS,News Corporation,NASDAQ,Consumer Services,Publishing: Newspapers,Communication,15965424010.425127
XP,XP Inc.,NASDAQ,Finance,Investment Banks/Brokers,Financials,15931833943.15493
J,Jacobs Solutions Inc.,NYSE,Technology Services,Data Processing Services,Technology,15887992339.438944
AS,"Amer Sports, Inc.",NYSE,Consumer Durables,Recreational Products,Consumer Discretionary,15802285615.10505
INVH,Invitation Homes Inc.,NYSE,Finance,Real Estate Investment Trusts,Real Estate,15394594853.005415
ROL,"Rollins, Inc.",NYSE,Commercial Services,Miscellaneous Commercial Services,Industrials,15322076197.615158
CRBG,Corebridge Financial Inc.,NYSE,Finance,Life/Health Insurance,Financials,15321202259.747673
HST,"Host Hotels & Resorts, Inc.",NASDAQ,Finance,Real Estate Investment Trusts,Real Estate,15288550597.69492
BALL,Ball Corporation,NYSE,Process Industries,Containers/Packaging,Materials,15265441416.938242
DOCN,"DigitalOcean Holdings, Inc.",NYSE,Technology Services,Packaged Software,Technology,15172464220.568823
SUN,Sunoco LP,AMEX,Distribution Services,Wholesale Distributors,Industrials,15107864276.73177
FICO,Fair Isaac Corporation,NYSE,Commercial Services,Financial Publishing/Services,Industrials,15106358433.311026
CNH,CNH Industrial N.V.,NYSE,Producer Manufacturing,Trucks/Construction/Farm Machinery,Industrials,15069313513.557383
WMG,Warner Music Group Corp.,NASDAQ,Commercial Services,Commercial Printing/Forms,Industrials,15013250013.547585
H,Hyatt Hotels Corporation,NYSE,Consumer Services,Hotels/Resorts/Cruise lines,Consumer Discretionary,15004608141.476137
ONTO,Onto Innovation Inc.,NYSE,Electronic Technology,Electronic Equipment/Instruments,Technology,14918079575.768202
PFGC,Performance Food Group Company,NYSE,Transportation,Other Transportation,Industrials,14830948139.224592
AKAM,"Akamai Technologies, Inc.",NASDAQ,Technology Services,Data Processing Services,Technology,14784846727.657488
TIGO,Millicom International Cellular S.A.,NASDAQ,Communications,Wireless Telecommunications,Communication,14751969757.41159
UNM,Unum Group,NYSE,Finance,Multi-Line Insurance,Financials,14654459367.543777
KIM,Kimco Realty Corporation (HC),NYSE,Finance,Real Estate Investment Trusts,Real Estate,14616500577.235695
SOLV,Solventum Corporation,NYSE,Health Services,Medical/Nursing Services,Health Care,14612005341.63298
BMNR,"BitMine Immersion Technologies, Inc.",NYSE,Finance,Financial Conglomerates,Financials,14607126686.827251
LAMR,Lamar Advertising Company,NASDAQ,Finance,Real Estate Investment Trusts,Real Estate,14563240959.20078
ARMK,Aramark,NYSE,Consumer Services,Restaurants,Consumer Discretionary,14560009954.855104
EQH,"Equitable Holdings, Inc.",NYSE,Finance,Life/Health Insurance,Financials,14520009484.305092
IREN,IREN Limited,NASDAQ,Technology Services,Data Processing Services,Technology,14499886722.913286
EXEL,"Exelixis, Inc.",NASDAQ,Health Technology,Pharmaceuticals: Major,Health Care,14402310538.693533
LDOS,"Leidos Holdings, Inc.",NYSE,Technology Services,Packaged Software,Technology,14356309254.700134
OWL,Blue Owl Capital Inc.,NYSE,Finance,Investment Managers,Financials,14344895500.630426
NBIX,"Neurocrine Biosciences, Inc.",NASDAQ,Health Technology,Biotechnology,Health Care,14334567139.886667
JAZZ,Jazz Pharmaceuticals plc,NASDAQ,Health Technology,Pharmaceuticals: Major,Health Care,14254593057.97963
WPC,W. P. Carey Inc. REIT,NYSE,Finance,Real Estate Investment Trusts,Real Estate,14232859428.211384
SGI,Somnigroup International Inc.,NYSE,Consumer Durables,Home Furnishings,Consumer Discretionary,14224176247.505182
YUMC,"Yum China Holdings, Inc.",NYSE,Consumer Services,Restaurants,Consumer Discretionary,14223998958.316605
W,Wayfair Inc.,NYSE,Retail Trade,Specialty Stores,Consumer Discretionary,14211816417.47028
JHX,James Hardie Industries plc.,NYSE,Non-Energy Minerals,Construction Materials,Materials,14153139436.635515
PNFP,"Pinnacle Financial Partners, Inc.",NYSE,Finance,Regional Banks,Financials,14038363739.45644
LECO,"Lincoln Electric Holdings, Inc.",NASDAQ,Producer Manufacturing,Industrial Machinery,Industrials,14035778041.15735
ASND,Ascendis Pharma A/S,NASDAQ,Health Technology,Pharmaceuticals: Major,Health Care,13988008010.173592
EG,"Everest Group, Ltd.",NYSE,Finance,Property/Casualty Insurance,Financials,13966724286.638918
CRL,"Charles River Laboratories International, Inc.",NYSE,Commercial Services,Miscellaneous Commercial Services,Industrials,13877212290.667765
TRMB,Trimble Inc.,NASDAQ,Technology Services,Packaged Software,Technology,13818237639.663002
FLUT,Flutter Entertainment plc,NYSE,Consumer Services,Casinos/Gaming,Consumer Discretionary,13725207797.505867
WSE,Wise Group plc,NASDAQ,Commercial Services,Miscellaneous Commercial Services,Industrials,13699194462.335308
CHKP,Check Point Software Technologies Ltd.,NASDAQ,Technology Services,Internet Software/Services,Communication,13595719863.924795
JLL,Jones Lang LaSalle Incorporated,NYSE,Finance,Real Estate Development,Real Estate,13571352065.899954
SUI,"Sun Communities, Inc.",NYSE,Finance,Real Estate Investment Trusts,Real Estate,13569844700.79312
NLY,Annaly Capital Management Inc.,NYSE,Finance,Real Estate Investment Trusts,Real Estate,13544248295.173452
SMMT,Summit Therapeutics Inc.,NASDAQ,Health Technology,Biotechnology,Health Care,13543367844.454596
ULS,UL Solutions Inc.,NYSE,Commercial Services,Miscellaneous Commercial Services,Industrials,13543328905.751825
RNR,RenaissanceRe Holdings Ltd.,NYSE,Finance,Property/Casualty Insurance,Financials,13530128045.011114
TTMI,"TTM Technologies, Inc.",NASDAQ,Electronic Technology,Electronic Components,Technology,13475173554.622934
JBS,JBS N.V.,NYSE,Consumer Non-Durables,Food: Meat/Fish/Dairy,Consumer Staples,13461578510.747551
GEN,Gen Digital Inc.,NASDAQ,Technology Services,Packaged Software,Technology,13459229140.883877
MAS,Masco Corporation,NYSE,Producer Manufacturing,Building Products,Industrials,13440296375.752575
CG,The Carlyle Group Inc.,NASDAQ,Finance,Investment Managers,Financials,13392768946.23466
WY,Weyerhaeuser Company,NYSE,Finance,Real Estate Investment Trusts,Real Estate,13391275086.11093
TYL,"Tyler Technologies, Inc.",NYSE,Technology Services,Data Processing Services,Technology,13387912612.25453
GNRC,Generac Holdings Inc.,NYSE,Producer Manufacturing,Electrical Products,Industrials,13358625652.112164
ARCC,Ares Capital Corporation,NASDAQ,Finance,Financial Conglomerates,Financials,13322915241.378048
MLI,"Mueller Industries, Inc.",NYSE,Producer Manufacturing,Metal Fabrication,Industrials,13317332151.990368
GWRE,"Guidewire Software, Inc.",NYSE,Technology Services,Information Technology Services,Technology,13298800464.164745
IVZ,Invesco Ltd,NYSE,Finance,Investment Managers,Financials,13297973565.182953
MAA,"Mid-America Apartment Communities, Inc.",NYSE,Finance,Real Estate Investment Trusts,Real Estate,13294375007.814945
AIZ,"Assurant, Inc.",NYSE,Finance,Property/Casualty Insurance,Financials,13223948506.393488
OHI,"Omega Healthcare Investors, Inc.",NYSE,Finance,Real Estate Investment Trusts,Real Estate,13221972275.9448
BWXT,"BWX Technologies, Inc.",NYSE,Electronic Technology,Aerospace & Defense,Technology,13159664185.531792
SWK,"Stanley Black & Decker, Inc.",NYSE,Consumer Durables,Tools & Hardware,Consumer Discretionary,13099183628.229193
NXT,Nextpower Inc.,NASDAQ,Electronic Technology,Electronic Equipment/Instruments,Technology,13057842862.486286
EQX,Equinox Gold Corp.,AMEX,Non-Energy Minerals,Precious Metals,Materials,13040526335.943518
AMKR,"Amkor Technology, Inc.",NASDAQ,Electronic Technology,Semiconductors,Technology,13004002334.97379
DOC,"Healthpeak Properties, Inc.",NYSE,Finance,Real Estate Investment Trusts,Real Estate,13000100772.861736
DOCU,"DocuSign, Inc.",NASDAQ,Technology Services,Packaged Software,Technology,12985982552.727432
CPT,Camden Property Trust,NYSE,Finance,Real Estate Investment Trusts,Real Estate,12970130506.455849
REG,Regency Centers Corporation,NASDAQ,Finance,Real Estate Investment Trusts,Real Estate,12918239364.155722
HAS,"Hasbro, Inc.",NASDAQ,Consumer Durables,Recreational Products,Consumer Discretionary,12832930567.065895
PAG,"Penske Automotive Group, Inc.",NYSE,Retail Trade,Specialty Stores,Consumer Discretionary,12818706013.726805
COKE,"Coca-Cola Consolidated, Inc.",NASDAQ,Consumer Non-Durables,Beverages: Non-Alcoholic,Consumer Staples,12814293176.99569
GDDY,GoDaddy Inc.,NYSE,Technology Services,Data Processing Services,Technology,12769887983.07633
BBIO,"BridgeBio Pharma, Inc.",NASDAQ,Health Technology,Biotechnology,Health Care,12689450384.025263
CORT,Corcept Therapeutics Incorporated,NASDAQ,Health Technology,Pharmaceuticals: Major,Health Care,12682103692.571571
CSL,Carlisle Companies Incorporated,NYSE,Producer Manufacturing,Building Products,Industrials,12681120245.462542
GRAB,Grab Holdings Limited,NASDAQ,Transportation,Air Freight/Couriers,Industrials,12623010080.834415
DTM,"DT Midstream, Inc.",NYSE,Industrial Services,Oil & Gas Pipelines,Energy,12607050646.078737
SJM,The J.M. Smucker Company,NYSE,Consumer Non-Durables,Food: Specialty/Candy,Consumer Staples,12606203641.389114
VICR,Vicor Corporation,NASDAQ,Electronic Technology,Electronic Components,Technology,12603736532.164652
GL,Globe Life Inc.,NYSE,Finance,Multi-Line Insurance,Financials,12594855254.76152
ALLE,Allegion plc,NYSE,Consumer Durables,Tools & Hardware,Consumer Discretionary,12581618419.597189
AVY,Avery Dennison Corporation,NYSE,Process Industries,Pulp & Paper,Materials,12542179271.948914
GME,GameStop Corporation,NYSE,Retail Trade,Electronics/Appliance Stores,Consumer Discretionary,12524943763.76332
BWA,BorgWarner Inc.,NYSE,Producer Manufacturing,Trucks/Construction/Farm Machinery,Industrials,12518353344.130213
GGG,Graco Inc.,NYSE,Producer Manufacturing,Industrial Machinery,Industrials,12506074907.957386
ICLR,ICON plc,NASDAQ,Commercial Services,Miscellaneous Commercial Services,Industrials,12500525721.550707
PEN,"Penumbra, Inc.",NYSE,Health Technology,Medical Specialties,Health Care,12489401656.495335
TXT,Textron Inc.,NYSE,Electronic Technology,Aerospace & Defense,Technology,12469051725.215666
CNA,CNA Financial Corporation,NYSE,Finance,Multi-Line Insurance,Financials,12415171850.115131
BTSG,"BrightSpring Health Services, Inc.",NASDAQ,Health Services,Medical/Nursing Services,Health Care,12407076223.710814
BJ,"BJ's Wholesale Club Holdings, Inc.",NYSE,Retail Trade,Specialty Stores,Consumer Discretionary,12404103469.34515
RPM,RPM International Inc.,NYSE,Process Industries,Industrial Specialties,Materials,12347811492.91549
HALO,"Halozyme Therapeutics, Inc.",NASDAQ,Health Technology,Biotechnology,Health Care,12303183421.12465
TOL,"Toll Brothers, Inc.",NYSE,Consumer Durables,Homebuilding,Consumer Discretionary,12283195578.987747
FRO,Frontline Plc,NYSE,Transportation,Marine Shipping,Industrials,12273200480.117037
TEM,"Tempus AI, Inc.",NASDAQ,Technology Services,Packaged Software,Technology,12269563750.561478
LII,"Lennox International, Inc.",NYSE,Producer Manufacturing,Industrial Machinery,Industrials,12267999657.423023
BAX,Baxter International Inc.,NYSE,Health Technology,Medical Specialties,Health Care,12260559117.000002
SEIC,SEI Investments Company,NASDAQ,Finance,Investment Managers,Financials,12252758079.598707
FROG,JFrog Ltd.,NASDAQ,Technology Services,Packaged Software,Technology,12249985866.674475
MKC,"McCormick & Company, Incorporated",NYSE,Consumer Non-Durables,Food: Specialty/Candy,Consumer Staples,12215383663.756907
EHC,Encompass Health Corporation,NYSE,Health Services,Medical/Nursing Services,Health Care,12096877952.767633
RMBS,"Rambus, Inc.",NASDAQ,Electronic Technology,Semiconductors,Technology,12054422726.462864
TRU,TransUnion,NYSE,Commercial Services,Financial Publishing/Services,Industrials,12047808325.310411
ALB,Albemarle Corporation,NYSE,Process Industries,Chemicals: Specialty,Materials,12032975793.536058
IT,"Gartner, Inc.",NYSE,Technology Services,Internet Software/Services,Communication,11891268081.254374
MANH,"Manhattan Associates, Inc.",NASDAQ,Technology Services,Packaged Software,Technology,11808506338.986195
PNW,Pinnacle West Capital Corporation,NYSE,Utilities,Electric Utilities,Utilities,11773099528.503384
DKS,Dick's Sporting Goods Inc,NYSE,Retail Trade,Specialty Stores,Consumer Discretionary,11739686541.123035
ARW,"Arrow Electronics, Inc.",NYSE,Distribution Services,Electronics Distributors,Technology,11725554952.129396
CCK,"Crown Holdings, Inc.",NYSE,Process Industries,Containers/Packaging,Materials,11701542639.022223
AEIS,"Advanced Energy Industries, Inc.",NASDAQ,Electronic Technology,Electronic Production Equipment,Technology,11657081573.327425
SANM,Sanmina Corporation,NASDAQ,Electronic Technology,Electronic Production Equipment,Technology,11635717953.366026
CR,Crane Company,NYSE,Electronic Technology,Aerospace & Defense,Technology,11630298405.376123
CSGP,"CoStar Group, Inc.",NASDAQ,Technology Services,Internet Software/Services,Communication,11570417665.608875
FIG,FIGMA INC,NYSE,Technology Services,Packaged Software,Technology,11566309137.012026
WSO,"Watsco, Inc.",NYSE,Producer Manufacturing,Building Products,Industrials,11566139052.925953
AFG,"American Financial Group, Inc.",NYSE,Finance,Property/Casualty Insurance,Financials,11554278074.42109
NVMI,Nova Ltd.,NASDAQ,Electronic Technology,Electronic Equipment/Instruments,Technology,11547544104.386904
PINS,"Pinterest, Inc.",NYSE,Technology Services,Internet Software/Services,Communication,11544290549.162485
SAIL,"SailPoint, Inc.",NASDAQ,Technology Services,Packaged Software,Technology,11452487074.045965
FIVE,"Five Below, Inc.",NASDAQ,Retail Trade,Discount Stores,Consumer Discretionary,11436650033.730017
QXO,"QXO, Inc.",NYSE,Distribution Services,Wholesale Distributors,Industrials,11376086196.391245
TECH,Bio-Techne Corp,NASDAQ,Health Technology,Biotechnology,Health Care,11366185648.266926
ALLY,Ally Financial Inc.,NYSE,Finance,Finance/Rental/Leasing,Financials,11361857592.643835
AUR,"Aurora Innovation, Inc.",NASDAQ,Technology Services,Packaged Software,Technology,11313404421.656467
DVA,DaVita Inc.,NYSE,Health Services,Medical/Nursing Services,Health Care,11300574786.584312
AA,Alcoa Corporation,NYSE,Non-Energy Minerals,Aluminum,Materials,11255736804.56568
ELS,"Equity Lifestyle Properties, Inc.",NYSE,Finance,Real Estate Investment Trusts,Real Estate,11229549203.764662
VIAV,Viavi Solutions Inc.,NASDAQ,Technology Services,Information Technology Services,Technology,11214048743.548735
HL,Hecla Mining Company,NYSE,Non-Energy Minerals,Precious Metals,Materials,11110982285.303226
FORM,"FormFactor, Inc.",NASDAQ,Electronic Technology,Semiconductors,Technology,11096268381.501574
ELAN,Elanco Animal Health Incorporated,NYSE,Health Technology,Biotechnology,Health Care,11069122537.57849
AR,Antero Resources Corporation,NYSE,Energy Minerals,Oil & Gas Production,Energy,11049357398.305876
DECK,Deckers Outdoor Corporation,NYSE,Consumer Non-Durables,Apparel/Footwear,Consumer Staples,11034638235.82868
HUBS,"HubSpot, Inc.",NYSE,Technology Services,Packaged Software,Technology,11025915583.385164
ONON,On Holding AG,NYSE,Consumer Non-Durables,Apparel/Footwear,Consumer Staples,10996101985.804634
GLPI,"Gaming and Leisure Properties, Inc.",NASDAQ,Finance,Real Estate Investment Trusts,Real Estate,10989504304.827288
AHR,"American Healthcare REIT, Inc.",NYSE,Finance,Real Estate Investment Trusts,Real Estate,10979287579.663763
WTRG,"Essential Utilities, Inc.",NYSE,Utilities,Water Utilities,Utilities,10881489879.592781
AMH,American Homes 4 Rent,NYSE,Finance,Real Estate Investment Trusts,Real Estate,10853819675.094501
FHN,First Horizon Corporation,NYSE,Finance,Regional Banks,Financials,10837652442.067204
RRX,Regal Rexnord Corporation,NYSE,Producer Manufacturing,Electrical Products,Industrials,10815184761.954317
GSAT,"Globalstar, Inc.",NASDAQ,Communications,Wireless Telecommunications,Communication,10810768609.0986
UDR,"UDR, Inc.",NYSE,Finance,Real Estate Investment Trusts,Real Estate,10709342715.273708
TXRH,"Texas Roadhouse, Inc.",NASDAQ,Consumer Services,Restaurants,Consumer Discretionary,10700127747.079948
HRL,Hormel Foods Corporation,NYSE,Consumer Non-Durables,Food: Meat/Fish/Dairy,Consumer Staples,10693261175.88794
CHYM,"Chime Financial, Inc.",NASDAQ,Technology Services,Packaged Software,Technology,10638241297.92696
AES,The AES Corporation,NYSE,Utilities,Electric Utilities,Utilities,10637369722.736101
LULU,lululemon athletica inc.,NASDAQ,Consumer Non-Durables,Apparel/Footwear,Consumer Staples,10636886159.329777
NYT,New York Times Company (The),NYSE,Consumer Services,Publishing: Newspapers,Communication,10627781582.280508
CART,Maplebear Inc.,NASDAQ,Transportation,Air Freight/Couriers,Industrials,10533252563.337757
BMRN,BioMarin Pharmaceutical Inc.,NASDAQ,Health Technology,Biotechnology,Health Care,10511055366.70652
SKYD,Skydance Corporation,NYSE,Consumer Services,Cable/Satellite TV,Communication,10497402436.641169
KNX,Knight-Swift Transportation Holdings Inc.,NYSE,Transportation,Trucking,Industrials,10489623810.990253
FNF,"Fidelity National Financial, Inc.",NYSE,Finance,Specialty Insurance,Financials,10463542606.934008
SF,Stifel Financial Corporation,NYSE,Finance,Investment Managers,Financials,10457625331.43179
BSY,"Bentley Systems, Incorporated",NASDAQ,Technology Services,Information Technology Services,Technology,10416163153.743385
HUT,Hut 8 Corp.,NASDAQ,Technology Services,Data Processing Services,Technology,10414809111.619486
HII,"Huntington Ingalls Industries, Inc.",NYSE,Electronic Technology,Aerospace & Defense,Technology,10406754929.907928
SCI,Service Corporation International,NYSE,Consumer Services,Other Consumer Services,Consumer Discretionary,10401093189.886158
UHS,"Universal Health Services, Inc.",NYSE,Health Services,Hospital/Nursing Management,Health Care,10342055899.192646
RGEN,Repligen Corporation,NASDAQ,Health Technology,Pharmaceuticals: Major,Health Care,10289724654.71932
COO,"The Cooper Companies, Inc.",NASDAQ,Health Technology,Medical Specialties,Health Care,10279795732.265205
AVTR,"Avantor, Inc.",NYSE,Health Technology,Medical Specialties,Health Care,10260363640.354399
EGP,"EastGroup Properties, Inc.",NYSE,Finance,Real Estate Investment Trusts,Real Estate,10257932248.711557
JKHY,"Jack Henry & Associates, Inc.",NASDAQ,Technology Services,Packaged Software,Technology,10239857700.2471
PBF,PBF Energy Inc.,NYSE,Energy Minerals,Oil Refining/Marketing,Energy,10227359085.99522
IBRX,"ImmunityBio, Inc.",NASDAQ,Health Technology,Pharmaceuticals: Major,Health Care,10217033934.854584
CGNX,Cognex Corporation,NASDAQ,Electronic Technology,Electronic Equipment/Instruments,Technology,10209505087.164516
EVR,Evercore Inc.,NYSE,Finance,Investment Banks/Brokers,Financials,10152481574.875889
JEF,Jefferies Financial Group Inc.,NYSE,Finance,Investment Banks/Brokers,Financials,10140841545.328386
DPZ,Domino's Pizza Inc,NASDAQ,Consumer Services,Restaurants,Consumer Discretionary,10123988998.970636
AGNC,AGNC Investment Corp.,NASDAQ,Finance,Real Estate Investment Trusts,Real Estate,10100894700.767906
DCI,"Donaldson Company, Inc.",NYSE,Producer Manufacturing,Auto Parts: OEM,Industrials,10060171808.363283
MOH,Molina Healthcare Inc,NYSE,Health Services,Managed Health Care,Health Care,10057374525.139975
CLX,Clorox Company (The),NYSE,Consumer Non-Durables,Household/Personal Care,Consumer Staples,9990098315.312727
PAYC,"Paycom Software, Inc.",NYSE,Technology Services,Packaged Software,Technology,9965738547.035221
AM,Antero Midstream Corporation,NYSE,Industrial Services,Oil & Gas Pipelines,Energy,9951540827.288967
TWST,Twist Bioscience Corporation,NASDAQ,Health Technology,Biotechnology,Health Care,9933453517.411757
SNAP,Snap Inc.,NYSE,Technology Services,Packaged Software,Technology,9901962877.141136
BPOP,"Popular, Inc.",NASDAQ,Finance,Regional Banks,Financials,9888856635.362333
DAR,Darling Ingredients Inc.,NYSE,Consumer Non-Durables,Food: Specialty/Candy,Consumer Staples,9881618767.56048
ESTC,Elastic N.V.,NYSE,Technology Services,Packaged Software,Technology,9865505426.369658
ALGN,"Align Technology, Inc.",NASDAQ,Health Technology,Medical Specialties,Health Care,9863172197.77479
ENSG,"The Ensign Group, Inc.",NASDAQ,Health Services,Medical/Nursing Services,Health Care,9849731172.745539
AAOI,"Applied Optoelectronics, Inc.",NASDAQ,Electronic Technology,Semiconductors,Technology,9822384017.418762
GMED,"Globus Medical, Inc.",NYSE,Health Technology,Medical Specialties,Health Care,9819916436.07539
FDS,FactSet Research Systems Inc.,NYSE,Commercial Services,Financial Publishing/Services,Industrials,9762386164.187845
UMBF,UMB Financial Corporation,NASDAQ,Finance,Major Banks,Financials,9745908034.458464
TXG,"10x Genomics, Inc.",NASDAQ,Health Technology,Biotechnology,Health Care,9706040330.31209
MOD,Modine Manufacturing Company,NYSE,Producer Manufacturing,Industrial Machinery,Industrials,9653367082.259672
DKNG,DraftKings Inc.,NASDAQ,Consumer Services,Movies/Entertainment,Communication,9648038578.960154
PCVX,"Vaxcyte, Inc.",NASDAQ,Health Technology,Biotechnology,Health Care,9644070232.805557
SOLS,Solstice Advanced Materials Inc.,NASDAQ,Process Industries,Chemicals: Major Diversified,Materials,9625522058.011267
SSB,SouthState Bank Corporation,NYSE,Finance,Major Banks,Financials,9588842185.899908
WTFC,Wintrust Financial Corporation,NASDAQ,Finance,Regional Banks,Financials,9565324924.811283
DRS,"Leonardo DRS, Inc.",NASDAQ,Electronic Technology,Aerospace & Defense,Technology,9522688751.910564
RYAN,"Ryan Specialty Holdings, Inc.",NYSE,Finance,Insurance Brokers/Services,Financials,9516309741.797873
CTVA,"Corteva, Inc.",NYSE,Process Industries,Agricultural Commodities/Milling,Materials,9512361200.102423
MTCH,"Match Group, Inc.",NASDAQ,Technology Services,Internet Software/Services,Communication,9486194374.113438
OGE,OGE Energy Corp,NYSE,Utilities,Electric Utilities,Utilities,9456258129.705275
RRC,Range Resources Corporation,NYSE,Energy Minerals,Oil & Gas Production,Energy,9406769496.421795
VSAT,"ViaSat, Inc.",NASDAQ,Electronic Technology,Telecommunications Equipment,Technology,9394258072.345984
BXP,"BXP, Inc.",NYSE,Finance,Real Estate Investment Trusts,Real Estate,9361755285.220633
WMS,"Advanced Drainage Systems, Inc.",NYSE,Producer Manufacturing,Miscellaneous Manufacturing,Industrials,9330657166.924173
CFR,"Cullen/Frost Bankers, Inc.",NYSE,Finance,Regional Banks,Financials,9326046319.388973
PODD,Insulet Corporation,NASDAQ,Health Technology,Medical Specialties,Health Care,9316002237.176613
ONB,Old National Bancorp,NASDAQ,Finance,Major Banks,Financials,9315579707.403769
MXL,"MaxLinear, Inc",NASDAQ,Electronic Technology,Semiconductors,Technology,9313283107.773006
HSIC,"Henry Schein, Inc.",NASDAQ,Distribution Services,Medical Distributors,Health Care,9207156373.734282
FRT,Federal Realty Investment Trust,NYSE,Finance,Real Estate Investment Trusts,Real Estate,9185624748.855484
QGEN,Qiagen N.V.,NYSE,Health Technology,Medical Specialties,Health Care,9124990240.918957
TTC,Toro Company (The),NYSE,Producer Manufacturing,Trucks/Construction/Farm Machinery,Industrials,9113243020.890789
OC,Owens Corning Inc,NYSE,Process Industries,Containers/Packaging,Materials,9112732220.027903
ORI,Old Republic International Corporation,NYSE,Finance,Specialty Insurance,Financials,9106849610.164942
FCFS,"FirstCash Holdings, Inc.",NASDAQ,Finance,Finance/Rental/Leasing,Financials,9075982651.31065
SAIA,"Saia, Inc.",NASDAQ,Transportation,Trucking,Industrials,9066180140.495338
APTV,Aptiv PLC,NYSE,Producer Manufacturing,Electrical Products,Industrials,9048660827.307554
VIRT,"Virtu Financial, Inc.",NYSE,Finance,Investment Banks/Brokers,Financials,9022953644.172335
LTH,"Life Time Group Holdings, Inc.",NYSE,Consumer Services,Other Consumer Services,Consumer Discretionary,8982053475.252716
ESI,Element Solutions Inc.,NYSE,Process Industries,Chemicals: Major Diversified,Materials,8953203324.991121
PTGX,"Protagonist Therapeutics, Inc.",NASDAQ,Health Technology,Pharmaceuticals: Major,Health Care,8942684520.972181
AYI,Acuity Inc.,NYSE,Producer Manufacturing,Electrical Products,Industrials,8927379187.932495
ALSN,"Allison Transmission Holdings, Inc.",NYSE,Producer Manufacturing,Auto Parts: OEM,Industrials,8901912999.700253
JXN,Jackson Financial Inc.,NYSE,Finance,Life/Health Insurance,Financials,8895493511.937374
OSCR,"Oscar Health, Inc.",NYSE,Health Services,Managed Health Care,Health Care,8886019413.272669
FLS,Flowserve Corporation,NYSE,Producer Manufacturing,Industrial Machinery,Industrials,8862938003.535522
AXSM,"Axsome Therapeutics, Inc.",NASDAQ,Health Technology,Biotechnology,Health Care,8854453438.111118
S,"SentinelOne, Inc.",NYSE,Technology Services,Packaged Software,Technology,8840447798.332674
KNTK,Kinetik Holdings Inc.,NYSE,Industrial Services,Oil & Gas Pipelines,Energy,8807444448.795237
KYMR,"Kymera Therapeutics, Inc.",NASDAQ,Health Technology,Biotechnology,Health Care,8792762136.227642
SM,SM Energy Company,NYSE,Energy Minerals,Integrated Oil,Energy,8789896969.71617
BRKR,Bruker Corporation,NASDAQ,Health Technology,Medical Specialties,Health Care,8781991036.474213
GKOS,Glaukos Corporation,NYSE,Health Technology,Medical Specialties,Health Care,8774449992.361015
HLI,"Houlihan Lokey, Inc.",NYSE,Finance,Investment Banks/Brokers,Financials,8724513207.055487
SIRI,SiriusXM Holdings Inc.,NASDAQ,Consumer Services,Broadcasting,Communication,8718235483.123314
VOYA,"Voya Financial, Inc.",NYSE,Finance,Life/Health Insurance,Financials,8705403125.03648
GTLB,GitLab Inc.,NASDAQ,Technology Services,Packaged Software,Technology,8659814904.919216
SPXC,"SPX Technologies, Inc.",NYSE,Producer Manufacturing,Building Products,Industrials,8502074695.999883
AAL,"American Airlines Group, Inc.",NASDAQ,Transportation,Airlines,Industrials,8446736298.359532
ARWR,"Arrowhead Pharmaceuticals, Inc.",NASDAQ,Health Technology,Biotechnology,Health Care,8430773028.747072
DY,"Dycom Industries, Inc.",NYSE,Industrial Services,Engineering & Construction,Industrials,8416414890.588404
CYTK,"Cytokinetics, Incorporated",NASDAQ,Health Technology,Pharmaceuticals: Major,Health Care,8398404790.932428
AVT,"Avnet, Inc.",NASDAQ,Distribution Services,Electronics Distributors,Technology,8378294510.028968
BAH,Booz Allen Hamilton Holding Corporation,NYSE,Commercial Services,Miscellaneous Commercial Services,Industrials,8377848677.323483
CUBE,CubeSmart,NYSE,Finance,Real Estate Investment Trusts,Real Estate,8364777362.484556
CTRE,"CareTrust REIT, Inc.",NYSE,Finance,Real Estate Investment Trusts,Real Estate,8358871794.950448
TTEK,"Tetra Tech, Inc.",NASDAQ,Industrial Services,Engineering & Construction,Industrials,8311202624.779951
PNR,Pentair plc.,NYSE,Producer Manufacturing,Industrial Machinery,Industrials,8242107384.715654
ZETA,Zeta Global Holdings Corp.,NYSE,Technology Services,Packaged Software,Technology,8239521628.196503
PCOR,"Procore Technologies, Inc.",NYSE,Technology Services,Packaged Software,Technology,8233144148.066538
BRX,Brixmor Property Group Inc.,NYSE,Finance,Real Estate Investment Trusts,Real Estate,8228781159.09482
RHP,"Ryman Hospitality Properties, Inc. (REIT)",NYSE,Finance,Real Estate Investment Trusts,Real Estate,8212238396.511357
MP,MP Materials Corp.,NYSE,Non-Energy Minerals,Other Metals/Minerals,Materials,8210483681.358237
REXR,"Rexford Industrial Realty, Inc.",NYSE,Finance,Real Estate Investment Trusts,Real Estate,8103388560.987833
GAP,"Gap, Inc. (The)",NYSE,Retail Trade,Apparel/Footwear Retail,Consumer Discretionary,8102045321.512285
GLXY,Galaxy Digital Inc.,NASDAQ,Finance,Investment Banks/Brokers,Financials,8087495064.233178
WAL,Western Alliance Bancorporation,NYSE,Finance,Regional Banks,Financials,8065827022.286215
ADC,Agree Realty Corporation,NYSE,Finance,Real Estate Investment Trusts,Real Estate,8038635296.670505
RAL,Ralliant Corporation,NYSE,Electronic Technology,Electronic Equipment/Instruments,Technology,8022507311.969141
TGTX,"TG Therapeutics, Inc.",NASDAQ,Health Technology,Pharmaceuticals: Major,Health Care,8003980532.165439
EAT,"Brinker International, Inc.",NYSE,Consumer Services,Restaurants,Consumer Discretionary,7995551225.446172
KTOS,"Kratos Defense & Security Solutions, Inc.",NASDAQ,Electronic Technology,Aerospace & Defense,Technology,7951875224.483547
PCTY,Paylocity Holding Corporation,NASDAQ,Technology Services,Packaged Software,Technology,7951249627.597876
FR,"First Industrial Realty Trust, Inc.",NYSE,Finance,Real Estate Investment Trusts,Real Estate,7947794983.36198
TKR,Timken Company (The),NYSE,Producer Manufacturing,Industrial Machinery,Industrials,7937259946.545818
COLB,"Columbia Banking System, Inc.",NASDAQ,Finance,Regional Banks,Financials,7935409094.150743
WLK,Westlake Corporation,NYSE,Process Industries,Chemicals: Specialty,Materials,7907411400.499837
ALV,"Autoliv, Inc.",NYSE,Producer Manufacturing,Auto Parts: OEM,Industrials,7885451320.162051
PB,"Prosperity Bancshares, Inc.",NYSE,Finance,Regional Banks,Financials,7882394180.697954
HNGE,"Hinge Health, Inc.",NYSE,Technology Services,Packaged Software,Technology,7882230926.435317
UGI,UGI Corporation,NYSE,Distribution Services,Wholesale Distributors,Industrials,7874110478.412005
LNC,Lincoln National Corporation,NYSE,Finance,Multi-Line Insurance,Financials,7855084439.257806
OSK,Oshkosh Corporation (Holding Company),NYSE,Consumer Durables,Motor Vehicles,Consumer Discretionary,7843411691.21369
NTSK,"Netskope, Inc.",NASDAQ,Technology Services,Packaged Software,Technology,7828540690.503119
ARE,"Alexandria Real Estate Equities, Inc.",NYSE,Finance,Real Estate Investment Trusts,Real Estate,7759243626.563149
CBSH,"Commerce Bancshares, Inc.",NASDAQ,Finance,Regional Banks,Financials,7717368136.7014475
WYNN,"Wynn Resorts, Limited",NASDAQ,Consumer Services,Casinos/Gaming,Consumer Discretionary,7694209351.527279
LINE,"Lineage, Inc.",NASDAQ,Finance,Real Estate Investment Trusts,Real Estate,7686351585.777989
CHRD,Chord Energy Corporation,NASDAQ,Energy Minerals,Integrated Oil,Energy,7681222360.457551
CNM,"Core & Main, Inc.",NYSE,Distribution Services,Wholesale Distributors,Industrials,7663575584.054298
ATR,"AptarGroup, Inc.",NYSE,Process Industries,Containers/Packaging,Materials,7650081239.99402
IDA,"IDACORP, Inc.",NYSE,Utilities,Electric Utilities,Utilities,7636884790.581113
NNN,"NNN REIT, Inc.",NYSE,Finance,Real Estate Investment Trusts,Real Estate,7631250539.425749
HQY,"HealthEquity, Inc.",NASDAQ,Finance,Investment Managers,Financials,7617665116.5748625
CBC,"Central Bancompany, Inc.",NASDAQ,Finance,Regional Banks,Financials,7616263668.192091
ZWS,Zurn Elkay Water Solutions Corporation,NYSE,Producer Manufacturing,Industrial Machinery,Industrials,7589111361.954175
CAI,"Caris Life Sciences, Inc.",NASDAQ,Health Technology,Biotechnology,Health Care,7569312118.684687
AGCO,AGCO Corporation,NYSE,Producer Manufacturing,Trucks/Construction/Farm Machinery,Industrials,7561325240.675674
KMX,CarMax Inc,NYSE,Retail Trade,Specialty Stores,Consumer Discretionary,7561293318.9318695
CDP,COPT Defense Properties,NYSE,Finance,Real Estate Investment Trusts,Real Estate,7543160280.481581
MGM,MGM Resorts International,NYSE,Consumer Services,Casinos/Gaming,Consumer Discretionary,7526396904.850667
AOS,A.O. Smith Corporation,NYSE,Producer Manufacturing,Building Products,Industrials,7491959925.4336815
ACM,AECOM,NYSE,Industrial Services,Engineering & Construction,Industrials,7484984002.156486
MORN,"Morningstar, Inc.",NASDAQ,Commercial Services,Financial Publishing/Services,Industrials,7471952421.429752
NFG,National Fuel Gas Company,NYSE,Energy Minerals,Integrated Oil,Energy,7429200660.097322
PRAX,"Praxis Precision Medicines, Inc.",NASDAQ,Health Technology,Pharmaceuticals: Major,Health Care,7418340686.634415
CHWY,"Chewy, Inc.",NYSE,Retail Trade,Internet Retail,Consumer Discretionary,7325123844.171242
SFD,"Smithfield Foods, Inc.",NASDAQ,Consumer Non-Durables,Food: Meat/Fish/Dairy,Consumer Staples,7294541557.637837
SNEX,StoneX Group Inc.,NASDAQ,Finance,Investment Banks/Brokers,Financials,7290678581.398633
DBX,"Dropbox, Inc.",NASDAQ,Technology Services,Packaged Software,Technology,7273455989.2744875
KEX,Kirby Corporation,NYSE,Transportation,Marine Shipping,Industrials,7253135926.994685
EMN,Eastman Chemical Company,NYSE,Process Industries,Chemicals: Specialty,Materials,7246953237.036522
LEVI,Levi Strauss & Co,NYSE,Consumer Non-Durables,Apparel/Footwear,Consumer Staples,7240963408.297283
IONS,"Ionis Pharmaceuticals, Inc.",NASDAQ,Health Technology,Pharmaceuticals: Major,Health Care,7234834614.50702
MSM,"MSC Industrial Direct Company, Inc.",NYSE,Distribution Services,Wholesale Distributors,Industrials,7228186648.708545
ACA,"Arcosa, Inc.",NYSE,Non-Energy Minerals,Construction Materials,Materials,7194638097.622883
AAON,"AAON, Inc.",NASDAQ,Producer Manufacturing,Industrial Machinery,Industrials,7161098738.463215
COMP,"Compass, Inc.",NYSE,Finance,Real Estate Development,Real Estate,7139094917.627857
MHK,"Mohawk Industries, Inc.",NYSE,Producer Manufacturing,Building Products,Industrials,7119613462.1211605
VFS,VinFast Auto Ltd.,NASDAQ,Consumer Durables,Motor Vehicles,Consumer Discretionary,7112189034.666668
POWL,"Powell Industries, Inc.",NASDAQ,Producer Manufacturing,Electrical Products,Industrials,7098885249.750683
CAMT,Camtek Ltd.,NASDAQ,Electronic Technology,Electronic Components,Technology,7071161695.808674
SYRE,"Spyre Therapeutics, Inc.",NASDAQ,Health Technology,Pharmaceuticals: Major,Health Care,7042438644.87879
DUOL,"Duolingo, Inc.",NASDAQ,Technology Services,Packaged Software,Technology,7029598432.096954
CMC,Commercial Metals Company,NYSE,Non-Energy Minerals,Steel,Materials,7028517202.827589
AVAV,"AeroVironment, Inc.",NASDAQ,Electronic Technology,Aerospace & Defense,Technology,7025545297.133654
HESM,Hess Midstream LP,NYSE,Energy Minerals,Integrated Oil,Energy,6997693308.43415
APLD,Applied Digital Corporation,NASDAQ,Technology Services,Data Processing Services,Technology,6991330516.169677
AXTA,Axalta Coating Systems Ltd.,NYSE,Process Industries,Industrial Specialties,Materials,6987753334.565416
TAP,Molson Coors Beverage Company,NYSE,Consumer Non-Durables,Beverages: Alcoholic,Consumer Staples,6987139795.93004
TTAN,"ServiceTitan, Inc.",NASDAQ,Technology Services,Packaged Software,Technology,6980899313.165178
CELH,"Celsius Holdings, Inc.",NASDAQ,Consumer Non-Durables,Beverages: Non-Alcoholic,Consumer Staples,6973645982.095096
AXS,Axis Capital Holdings Limited,NYSE,Finance,Multi-Line Insurance,Financials,6968283816.402727
NCLH,Norwegian Cruise Line Holdings Ltd.,NYSE,Consumer Services,Hotels/Resorts/Cruise lines,Consumer Discretionary,6968175495.1910305
PRMB,Primo Brands Corporation,NYSE,Consumer Non-Durables,Beverages: Non-Alcoholic,Consumer Staples,6954748686.999474
APPF,"AppFolio, Inc.",NASDAQ,Technology Services,Information Technology Services,Technology,6949950167.510788
CLF,Cleveland-Cliffs Inc.,NYSE,Non-Energy Minerals,Steel,Materials,6934914416.600746
BROS,Dutch Bros Inc.,NYSE,Consumer Services,Restaurants,Consumer Discretionary,6930578978.980356
TRNO,Terreno Realty Corporation,NYSE,Finance,Real Estate Investment Trusts,Real Estate,6918525254.143195
AUGO,Aura Minerals Inc.,NASDAQ,Non-Energy Minerals,Other Metals/Minerals,Materials,6902556513.691295
VLY,Valley National Bancorp,NASDAQ,Finance,Major Banks,Financials,6896512949.999999
AWI,Armstrong World Industries Inc,NYSE,Producer Manufacturing,Miscellaneous Manufacturing,Industrials,6845310076.577255
FSS,Federal Signal Corporation,NYSE,Consumer Durables,Motor Vehicles,Consumer Discretionary,6841543948.470239
ALGM,"Allegro MicroSystems, Inc.",NASDAQ,Electronic Technology,Semiconductors,Technology,6840023140.023494
URBN,"Urban Outfitters, Inc.",NASDAQ,Retail Trade,Apparel/Footwear Retail,Consumer Discretionary,6839965303.913479
PATH,"UiPath, Inc.",NYSE,Technology Services,Packaged Software,Technology,6824533615.973987
VCTR,"Victory Capital Holdings, Inc. Class A Common Stock",NASDAQ,Finance,Investment Managers,Financials,6822641530.679661
WULF,TeraWulf Inc.,NASDAQ,Technology Services,Data Processing Services,Technology,6818406954.313541
QLYS,"Qualys, Inc.",NASDAQ,Technology Services,Packaged Software,Technology,6802069140.285289
PACS,"PACS Group, Inc.",NYSE,Health Services,Hospital/Nursing Management,Health Care,6792597101.933318
STAG,"Stag Industrial, Inc.",NYSE,Finance,Real Estate Investment Trusts,Real Estate,6791673342.9769
ALKS,Alkermes plc,NASDAQ,Health Technology,Pharmaceuticals: Major,Health Care,6787701445.223791
PPC,Pilgrim's Pride Corporation,NASDAQ,Process Industries,Agricultural Commodities/Milling,Materials,6778759729.176358
SSRM,SSR Mining Inc.,NASDAQ,Non-Energy Minerals,Precious Metals,Materials,6775906604.163663
FLR,Fluor Corporation,NYSE,Industrial Services,Engineering & Construction,Industrials,6767297471.357059
ETSY,"Etsy, Inc.",NYSE,Retail Trade,Internet Retail,Consumer Discretionary,6746876501.624703
NOV,NOV Inc.,NYSE,Industrial Services,Oilfield Services/Equipment,Energy,6732089578.765038
GTES,Gates Industrial Corporation Ltd.,NYSE,Producer Manufacturing,Electrical Products,Industrials,6705974424.973002
VSXY,Victorias Secret & Co.,NYSE,Retail Trade,Apparel/Footwear Retail,Consumer Discretionary,6703369831.868517
LW,"Lamb Weston Holdings, Inc.",NYSE,Consumer Non-Durables,Food: Specialty/Candy,Consumer Staples,6703019231.906839
MTDR,Matador Resources Company,NYSE,Energy Minerals,Integrated Oil,Energy,6681490093.644654
HIMS,"Hims & Hers Health, Inc.",NYSE,Health Services,Medical/Nursing Services,Health Care,6652582237.077319
NE,Noble Corporation plc A,NYSE,Industrial Services,Contract Drilling,Energy,6651492957.58616
SARO,"StandardAero, Inc.",NYSE,Transportation,Other Transportation,Industrials,6643207629.123457
OKLO,Oklo Inc.,NYSE,Producer Manufacturing,Industrial Machinery,Industrials,6599906324.142314
GLBE,Global-E Online Ltd.,NASDAQ,Retail Trade,Internet Retail,Consumer Discretionary,6569204545.202001
LNTH,"Lantheus Holdings, Inc.",NASDAQ,Health Technology,Medical Specialties,Health Care,6547291821.251546
RIOT,"Riot Platforms, Inc.",NASDAQ,Technology Services,Information Technology Services,Technology,6537011086.582525
RNG,"RingCentral, Inc.",NYSE,Technology Services,Packaged Software,Technology,6530182077.355631
ENS,EnerSys,NYSE,Producer Manufacturing,Electrical Products,Industrials,6490658503.55581
TXNM,"TXNM Energy, Inc.",NYSE,Utilities,Electric Utilities,Utilities,6430242667.742608
OMF,"OneMain Holdings, Inc.",NYSE,Finance,Finance/Rental/Leasing,Financials,6418163339.762796
ECG,"Everus Construction Group, Inc.",NYSE,Industrial Services,Engineering & Construction,Industrials,6368681627.552931
INGM,Ingram Micro Holding Corporation,NYSE,Technology Services,Information Technology Services,Technology,6363971055.617722
CAG,"ConAgra Brands, Inc.",NYSE,Consumer Non-Durables,Food: Major Diversified,Consumer Staples,6349573342.475472
HXL,Hexcel Corporation,NYSE,Electronic Technology,Aerospace & Defense,Technology,6347832612.104408
MOS,Mosaic Company (The),NYSE,Process Industries,Chemicals: Agricultural,Materials,6337249772.268402
DOX,Amdocs Limited,NASDAQ,Technology Services,Information Technology Services,Technology,6315493539.933605
CAVA,"CAVA Group, Inc.",NYSE,Consumer Services,Restaurants,Consumer Discretionary,6312206908.930286
ACT,"Enact Holdings, Inc.",NASDAQ,Finance,Multi-Line Insurance,Financials,6307750879.330423
Z,"Zillow Group, Inc.",NASDAQ,Technology Services,Internet Software/Services,Communication,6307746285.739002
CVLT,"Commvault Systems, Inc.",NASDAQ,Technology Services,Packaged Software,Technology,6293770982.853475
FIGR,"Figure Technology Solutions, Inc.",NASDAQ,Finance,Finance/Rental/Leasing,Financials,6284824170.474349
IMVT,"Immunovant, Inc.",NASDAQ,Health Technology,Biotechnology,Health Care,6277136386.063671
PL,Planet Labs PBC,NYSE,Technology Services,Packaged Software,Technology,6265425882.219166
ANDG,Andersen Group Inc.,NYSE,Consumer Services,Other Consumer Services,Consumer Discretionary,6258430432.668955
MAC,Macerich Company (The),NYSE,Finance,Real Estate Investment Trusts,Real Estate,6252484638.832807
FAF,First American Corporation (New),NYSE,Finance,Specialty Insurance,Financials,6250562000.0
ELF,"e.l.f. Beauty, Inc.",NYSE,Consumer Non-Durables,Household/Personal Care,Consumer Staples,6225343463.610397
VNO,Vornado Realty Trust,NYSE,Finance,Real Estate Investment Trusts,Real Estate,6204723163.304321
RIG,Transocean Ltd (Switzerland),NYSE,Industrial Services,Contract Drilling,Energy,6204268951.377551
UBSI,"United Bankshares, Inc.",NASDAQ,Finance,Regional Banks,Financials,6160895260.550286
AMRX,"Amneal Pharmaceuticals, Inc.",NASDAQ,Health Technology,Pharmaceuticals: Major,Health Care,6153949771.660051
BLCO,Bausch + Lomb Corporation,NYSE,Health Technology,Medical Specialties,Health Care,6128955789.951557
XMTR,"Xometry, Inc.",NASDAQ,Technology Services,Information Technology Services,Technology,6125024032.362246
ST,Sensata Technologies Holding plc,NYSE,Electronic Technology,Electronic Equipment/Instruments,Technology,6122693398.651168
RYTM,"Rhythm Pharmaceuticals, Inc.",NASDAQ,Health Technology,Pharmaceuticals: Major,Health Care,6069655017.7168455
TEX,Terex Corporation,NYSE,Producer Manufacturing,Trucks/Construction/Farm Machinery,Industrials,6037326280.054313
SFM,"Sprouts Farmers Market, Inc.",NASDAQ,Retail Trade,Food Retail,Consumer Staples,6029391775.814281
CZR,"Caesars Entertainment, Inc.",NASDAQ,Consumer Services,Casinos/Gaming,Consumer Discretionary,6011513518.192609
FNB,F.N.B. Corporation,NYSE,Finance,Major Banks,Financials,6002781498.934386
INGR,Ingredion Incorporated,NYSE,Consumer Non-Durables,Food: Specialty/Candy,Consumer Staples,5979726593.660478
M,Macy's Inc,NYSE,Retail Trade,Department Stores,Consumer Discretionary,5977027549.393594
LYFT,"Lyft, Inc.",NASDAQ,Transportation,Other Transportation,Industrials,5971472631.836538
ANF,Abercrombie & Fitch Company,NYSE,Retail Trade,Apparel/Footwear Retail,Consumer Discretionary,5969456451.696788
SWX,"Southwest Gas Holdings, Inc.",NYSE,Utilities,Gas Distributors,Utilities,5965191877.000242
INSW,"International Seaways, Inc.",NYSE,Transportation,Marine Shipping,Industrials,5950196518.490594
CVI,CVR Energy Inc.,NYSE,Energy Minerals,Oil Refining/Marketing,Energy,5931305599.477169
KNSA,"Kiniksa Pharmaceuticals International, plc",NASDAQ,Health Technology,Pharmaceuticals: Major,Health Care,5919291624.136993
MBLY,Mobileye Global Inc.,NASDAQ,Technology Services,Packaged Software,Technology,5887549110.629371
ACI,"Albertsons Companies, Inc.",NYSE,Retail Trade,Food Retail,Consumer Staples,5870014028.307496
HR,Healthcare Realty Trust Incorporated,NYSE,Finance,Real Estate Investment Trusts,Real Estate,5855366758.709717
VAL,Valaris Limited,NYSE,Industrial Services,Contract Drilling,Energy,5843022989.464875
BIRK,Birkenstock Holding plc,NYSE,Consumer Non-Durables,Apparel/Footwear,Consumer Staples,5841835600.502865
GRAL,"GRAIL, Inc.",NASDAQ,Health Technology,Medical Specialties,Health Care,5828496484.270053
IOVA,"Iovance Biotherapeutics, Inc.",NASDAQ,Health Technology,Biotechnology,Health Care,5816923266.871398
NAVN,"Navan, Inc.",NASDAQ,Technology Services,Packaged Software,Technology,5810868457.489902
TBBB,BBB Foods Inc.,NYSE,Retail Trade,Food Retail,Consumer Staples,5807593571.562723
SEI,"Solaris Energy Infrastructure, Inc.",NYSE,Industrial Services,Oilfield Services/Equipment,Energy,5806003675.548654
KOD,Kodiak Sciences Inc,NASDAQ,Health Technology,Biotechnology,Health Care,5801319225.108642
LEA,Lear Corporation,NYSE,Producer Manufacturing,Auto Parts: OEM,Industrials,5790233942.612054
WEX,WEX Inc.,NYSE,Commercial Services,Miscellaneous Commercial Services,Industrials,5788420500.899977
SGHC,Super Group (SGHC) Limited,NYSE,Consumer Services,Casinos/Gaming,Consumer Discretionary,5787221028.650221
MKTX,"MarketAxess Holdings, Inc.",NASDAQ,Finance,Investment Banks/Brokers,Financials,5782547424.588475
TTD,"The Trade Desk, Inc.",NASDAQ,Technology Services,Packaged Software,Technology,5782288578.576509
MGY,Magnolia Oil & Gas Corporation,NYSE,Energy Minerals,Oil & Gas Production,Energy,5779664072.800247
YOU,"Clear Secure, Inc.",NYSE,Technology Services,Packaged Software,Technology,5763272536.754344
JOBY,"Joby Aviation, Inc.",NYSE,Electronic Technology,Aerospace & Defense,Technology,5744594324.518262
HWC,Hancock Whitney Corporation,NASDAQ,Finance,Regional Banks,Financials,5735146008.156614
BLDR,"Builders FirstSource, Inc.",NYSE,Retail Trade,Home Improvement Chains,Consumer Discretionary,5729510924.215687
LSTR,"Landstar System, Inc.",NASDAQ,Transportation,Trucking,Industrials,5722613659.516858
CPB,The Campbell's Company,NASDAQ,Consumer Non-Durables,Food: Specialty/Candy,Consumer Staples,5691808756.72328
PI,"Impinj, Inc.",NASDAQ,Electronic Technology,Semiconductors,Technology,5688009294.576215
AGX,"Argan, Inc.",NYSE,Industrial Services,Engineering & Construction,Industrials,5674790464.773908
BKH,Black Hills Corporation,NYSE,Utilities,Gas Distributors,Utilities,5668658399.565664
LOAR,Loar Holdings Inc.,NYSE,Electronic Technology,Aerospace & Defense,Technology,5667215485.843443
PEGA,Pegasystems Inc.,NASDAQ,Technology Services,Information Technology Services,Technology,5657173656.827074
MCY,Mercury General Corporation,NYSE,Finance,Property/Casualty Insurance,Financials,5644932268.594926
CIFR,Cipher Digital Inc.,NASDAQ,Technology Services,Data Processing Services,Technology,5644418106.593406
CRUS,"Cirrus Logic, Inc.",NASDAQ,Electronic Technology,Semiconductors,Technology,5638726841.549254
G,Genpact Limited,NYSE,Commercial Services,Miscellaneous Commercial Services,Industrials,5624952082.165677
HOMB,"Home BancShares, Inc.",NYSE,Finance,Regional Banks,Financials,5624395171.456884
VRNS,"Varonis Systems, Inc.",NASDAQ,Technology Services,Packaged Software,Technology,5618400335.440256
QBTS,D-Wave Quantum Inc.,NASDAQ,Electronic Technology,Computer Processing Hardware,Technology,5601390979.357425
ESNT,Essent Group Ltd.,NYSE,Finance,Specialty Insurance,Financials,5593463826.688207
EPAM,"EPAM Systems, Inc.",NYSE,Technology Services,Information Technology Services,Technology,5593060237.876662
CPA,"Copa Holdings, S.A.",NYSE,Transportation,Airlines,Industrials,5590935221.681735
POOL,Pool Corporation,NASDAQ,Distribution Services,Wholesale Distributors,Industrials,5589933809.739069
MTG,MGIC Investment Corporation,NYSE,Finance,Property/Casualty Insurance,Financials,5589652029.11895
VFC,V.F. Corporation,NYSE,Consumer Non-Durables,Apparel/Footwear,Consumer Staples,5582510683.073713
LGN,Legence Corp.,NASDAQ,Industrial Services,Engineering & Construction,Industrials,5582098208.961575
CROX,"Crocs, Inc.",NASDAQ,Consumer Non-Durables,Apparel/Footwear,Consumer Staples,5572656034.963889
WFRD,Weatherford International plc,NASDAQ,Industrial Services,Oilfield Services/Equipment,Energy,5567567300.406177
VSH,"Vishay Intertechnology, Inc.",NYSE,Electronic Technology,Electronic Production Equipment,Technology,5563071472.503662
SXT,Sensient Technologies Corporation,NYSE,Consumer Non-Durables,Food: Specialty/Candy,Consumer Staples,5558703352.075758
CGON,"CG Oncology, Inc.",NASDAQ,Health Technology,Biotechnology,Health Care,5549330661.319093
GBCI,"Glacier Bancorp, Inc.",NYSE,Finance,Regional Banks,Financials,5535961531.885199
MAAS,Maase Inc.,NASDAQ,Technology Services,Packaged Software,Technology,5527754566.532259
KGS,"Kodiak Gas Services, Inc.",NYSE,Industrial Services,Oilfield Services/Equipment,Energy,5510169814.339312
MUR,Murphy Oil Corporation,NYSE,Energy Minerals,Oil & Gas Production,Energy,5501533527.0169115
SNDR,"Schneider National, Inc.",NYSE,Transportation,Trucking,Industrials,5494806819.03671
RUSHA,"Rush Enterprises, Inc.",NASDAQ,Retail Trade,Specialty Stores,Consumer Discretionary,5493565483.399069
LKQ,LKQ Corporation,NASDAQ,Consumer Durables,Automotive Aftermarket,Consumer Discretionary,5483820481.096231
ORA,"Ormat Technologies, Inc.",NYSE,Utilities,Electric Utilities,Utilities,5474457727.625208
DLB,Dolby Laboratories,NYSE,Technology Services,Packaged Software,Technology,5458080483.675921
RYN,Rayonier Inc. REIT,NYSE,Finance,Real Estate Investment Trusts,Real Estate,5437554450.990829
JBTM,JBT Marel Corporation,NYSE,Producer Manufacturing,Industrial Machinery,Industrials,5433577781.849708
EPRT,"Essential Properties Realty Trust, Inc.",NYSE,Finance,Real Estate Investment Trusts,Real Estate,5414160708.482566
WH,"Wyndham Hotels & Resorts, Inc.",NYSE,Consumer Services,Hotels/Resorts/Cruise lines,Consumer Discretionary,5407022643.143688
FTDR,"Frontdoor, Inc.",NASDAQ,Consumer Durables,Homebuilding,Consumer Discretionary,5403302176.195218
EXLS,"ExlService Holdings, Inc.",NASDAQ,Technology Services,Data Processing Services,Technology,5380727479.082231
ASB,Associated Banc-Corp,NYSE,Finance,Major Banks,Financials,5357664687.834565
AUB,Atlantic Union Bankshares Corporation,NYSE,Finance,Regional Banks,Financials,5344133177.828724
LAUR,"Laureate Education, Inc.",NASDAQ,Commercial Services,Miscellaneous Commercial Services,Industrials,5335721615.705265
BGC,"BGC Group, Inc.",NASDAQ,Finance,Investment Banks/Brokers,Financials,5318092816.369797
HRB,"H&R Block, Inc.",NYSE,Consumer Services,Other Consumer Services,Consumer Discretionary,5305787086.990964
AROC,"Archrock, Inc.",NYSE,Industrial Services,Oilfield Services/Equipment,Energy,5300473224.399137
CAKE,The Cheesecake Factory Incorporated,NASDAQ,Consumer Services,Restaurants,Consumer Discretionary,5295028698.273109
CWST,"Casella Waste Systems, Inc.",NASDAQ,Industrial Services,Environmental Services,Industrials,5283698444.105053
STVN,Stevanato Group S.p.A.,NYSE,Health Technology,Medical Specialties,Health Care,5277161600.547324
ABCB,Ameris Bancorp,NYSE,Finance,Regional Banks,Financials,5270602716.435147
HAE,Haemonetics Corporation,NYSE,Health Technology,Medical Specialties,Health Care,5270264625.612035
POR,Portland General Electric Co,NYSE,Utilities,Electric Utilities,Utilities,5265886876.908878
GXO,"GXO Logistics, Inc.",NYSE,Transportation,Air Freight/Couriers,Industrials,5265742588.340508
PAGP,"Plains GP Holdings, L.P.",NASDAQ,Industrial Services,Oil & Gas Pipelines,Energy,5260291566.187715
SAIC,Science Applications International Corporation,NASDAQ,Technology Services,Information Technology Services,Technology,5259829354.162844
RRR,"Red Rock Resorts, Inc.",NASDAQ,Consumer Services,Hotels/Resorts/Cruise lines,Consumer Discretionary,5251859758.566272
STEP,StepStone Group Inc.,NASDAQ,Finance,Investment Managers,Financials,5234954020.598461
RDNT,"RadNet, Inc.",NASDAQ,Health Services,Medical/Nursing Services,Health Care,5219235591.4799595
PECO,"Phillips Edison & Company, Inc.",NASDAQ,Finance,Real Estate Investment Trusts,Real Estate,5218583279.387718
TFX,Teleflex Incorporated,NYSE,Health Technology,Medical Specialties,Health Care,5213288174.696497
NOVT,Novanta Inc.,NASDAQ,Electronic Technology,Electronic Equipment/Instruments,Technology,5208262999.832359
PTCT,"PTC Therapeutics, Inc.",NASDAQ,Health Technology,Pharmaceuticals: Major,Health Care,5193348727.768068
CHDN,"Churchill Downs, Incorporated",NASDAQ,Consumer Services,Movies/Entertainment,Communication,5189531236.298579
NJR,NewJersey Resources Corporation,NYSE,Utilities,Gas Distributors,Utilities,5169791904.529042
AN,"AutoNation, Inc.",NYSE,Retail Trade,Specialty Stores,Consumer Discretionary,5167073634.6155815
ZGN,Ermenegildo Zegna N.V.,NYSE,Consumer Non-Durables,Apparel/Footwear,Consumer Staples,5164864591.454061
MIRM,"Mirum Pharmaceuticals, Inc.",NASDAQ,Health Technology,Pharmaceuticals: Major,Health Care,5138734680.931547
OLLI,"Ollie's Bargain Outlet Holdings, Inc.",NASDAQ,Retail Trade,Department Stores,Consumer Discretionary,5126427039.842099
NIQ,NIQ Global Intelligence plc,NYSE,Technology Services,Packaged Software,Technology,5116009524.007946
OUT,OUTFRONT Media Inc.,NYSE,Finance,Real Estate Investment Trusts,Real Estate,5111445122.017974
DOCS,"Doximity, Inc.",NYSE,Technology Services,Packaged Software,Technology,5106747317.48104
SRRK,Scholar Rock Holding Corporation,NASDAQ,Health Technology,Biotechnology,Health Care,5102194327.440994
ACIW,"ACI Worldwide, Inc.",NASDAQ,Technology Services,Packaged Software,Technology,5092687536.950346
WHD,"Cactus, Inc. Class A Common Stock",NYSE,Industrial Services,Oilfield Services/Equipment,Energy,5088987573.15103
MRX,Marex Group Limited,NASDAQ,Technology Services,Internet Software/Services,Communication,5088749207.606984
EXP,Eagle Materials Inc,NYSE,Non-Energy Minerals,Construction Materials,Materials,5086275387.307701
RLI,RLI Corp.,NYSE,Finance,Multi-Line Insurance,Financials,5086058198.165286
IRDM,Iridium Communications Inc,NASDAQ,Communications,Specialty Telecommunications,Communication,5081815488.084161
BYD,Boyd Gaming Corporation,NYSE,Consumer Services,Casinos/Gaming,Consumer Discretionary,5080066209.642377
ORKA,"Oruka Therapeutics, Inc.",NASDAQ,Health Technology,Pharmaceuticals: Major,Health Care,5078945619.98566
MAIN,Main Street Capital Corporation,NYSE,Finance,Financial Conglomerates,Financials,5070028783.460687
COGT,"Cogent Biosciences, Inc.",NASDAQ,Health Technology,Biotechnology,Health Care,5066929273.3908415
MTN,"Vail Resorts, Inc.",NYSE,Consumer Services,Hotels/Resorts/Cruise lines,Consumer Discretionary,5064131831.732081
ACMR,"ACM Research, Inc.",NASDAQ,Producer Manufacturing,Industrial Machinery,Industrials,5061406750.843756
CRSP,CRISPR Therapeutics AG,NASDAQ,Health Technology,Biotechnology,Health Care,5051707742.261604
CLMT,"Calumet, Inc",NASDAQ,Energy Minerals,Oil Refining/Marketing,Energy,5049753482.206431
MMSI,"Merit Medical Systems, Inc.",NASDAQ,Health Technology,Medical Specialties,Health Care,5040156547.438358
SHC,Sotera Health Company,NASDAQ,Health Technology,Medical Specialties,Health Care,5011181141.705028
GVA,Granite Construction Incorporated,NYSE,Industrial Services,Engineering & Construction,Industrials,5011036442.2298765
KLAR,Klarna Group plc,NYSE,Commercial Services,Miscellaneous Commercial Services,Industrials,5000092189.479622
AX,"Axos Financial, Inc.",NYSE,Finance,Major Banks,Financials,4996681543.145072
GLNG,Golar LNG Limited,NASDAQ,Industrial Services,Oil & Gas Pipelines,Energy,4994731863.61335
WAY,Waystar Holding Corp.,NASDAQ,Technology Services,Packaged Software,Technology,4985459225.300737
SIGI,"Selective Insurance Group, Inc.",NASDAQ,Finance,Property/Casualty Insurance,Financials,4984743690.820666
ROAD,"Construction Partners, Inc.",NASDAQ,Industrial Services,Engineering & Construction,Industrials,4975475603.521645
CNX,CNX Resources Corporation,NYSE,Energy Minerals,Oil & Gas Production,Energy,4975344322.844792
OBDC,Blue Owl Capital Corporation,NYSE,Finance,Financial Conglomerates,Financials,4965945681.507985
CORZ,"Core Scientific, Inc.",NASDAQ,Technology Services,Packaged Software,Technology,4956675903.213614
ERAS,"Erasca, Inc.",NASDAQ,Health Technology,Pharmaceuticals: Major,Health Care,4956127839.055241
KLIC,"Kulicke and Soffa Industries, Inc.",NASDAQ,Producer Manufacturing,Industrial Machinery,Industrials,4943007855.452343
RELY,"Remitly Global, Inc.",NASDAQ,Commercial Services,Miscellaneous Commercial Services,Industrials,4934355306.6489315
CNO,"CNO Financial Group, Inc.",NYSE,Finance,Multi-Line Insurance,Financials,4923524856.894131
TVTX,"Travere Therapeutics, Inc.",NASDAQ,Health Technology,Pharmaceuticals: Major,Health Care,4915715085.64652
AXTI,AXT Inc,NASDAQ,Electronic Technology,Electronic Production Equipment,Technology,4915695869.073004
CE,Celanese Corporation,NYSE,Process Industries,Chemicals: Specialty,Materials,4899192387.053352
BOX,"Box, Inc.",NYSE,Technology Services,Information Technology Services,Technology,4885719164.345377
NXST,"Nexstar Media Group, Inc.",NASDAQ,Consumer Services,Broadcasting,Communication,4883112566.446116
KVYO,"Klaviyo, Inc. Series A",NYSE,Technology Services,Packaged Software,Technology,4857449934.928202
USAR,"USA Rare Earth, Inc.",NASDAQ,Producer Manufacturing,Metal Fabrication,Industrials,4857241395.42328
FND,"Floor & Decor Holdings, Inc.",NYSE,Retail Trade,Home Improvement Chains,Consumer Discretionary,4841566332.846247
IBP,"Installed Building Products, Inc.",NYSE,Industrial Services,Engineering & Construction,Industrials,4836081251.400488
MRCY,Mercury Systems Inc,NASDAQ,Electronic Technology,Aerospace & Defense,Technology,4828308310.703574
OZK,Bank OZK,NASDAQ,Finance,Regional Banks,Financials,4811486237.089072
GTX,Garrett Motion Inc.,NASDAQ,Producer Manufacturing,Auto Parts: OEM,Industrials,4794745680.71782
HCC,"Warrior Met Coal, Inc.",NYSE,Energy Minerals,Coal,Energy,4792053287.552528
KRG,Kite Realty Group Trust,NYSE,Finance,Real Estate Investment Trusts,Real Estate,4767255415.258317
SBRA,"Sabra Health Care REIT, Inc.",NASDAQ,Finance,Real Estate Investment Trusts,Real Estate,4766960464.26221
BLSH,Bullish,NYSE,Technology Services,Packaged Software,Technology,4761573660.158391
RGTI,"Rigetti Computing, Inc.",NASDAQ,Electronic Technology,Computer Processing Hardware,Technology,4761211094.090131
EBC,"Eastern Bankshares, Inc.",NASDAQ,Finance,Regional Banks,Financials,4756468070.909157
BETA,"Beta Technologies, Inc.",NYSE,Electronic Technology,Aerospace & Defense,Technology,4751342966.092299
MIDD,The Middleby Corporation,NASDAQ,Producer Manufacturing,Industrial Machinery,Industrials,4749703036.268244
SYNA,Synaptics Incorporated,NASDAQ,Electronic Technology,Semiconductors,Technology,4746896120.445128
IEP,Icahn Enterprises L.P.,NASDAQ,Energy Minerals,Oil Refining/Marketing,Energy,4745357954.233083
RXO,"RXO, Inc.",NYSE,Technology Services,Packaged Software,Technology,4743455369.931241
RITM,Rithm Capital Corp.,NYSE,Finance,Real Estate Investment Trusts,Real Estate,4729706993.103167
CRC,California Resources Corporation,NYSE,Energy Minerals,Integrated Oil,Energy,4722109729.2148485
CHH,"Choice Hotels International, Inc.",NYSE,Consumer Services,Hotels/Resorts/Cruise lines,Consumer Discretionary,4704526034.992029
NSIT,"Insight Enterprises, Inc.",NASDAQ,Technology Services,Information Technology Services,Technology,4704327350.183351
SON,Sonoco Products Company,NYSE,Process Industries,Containers/Packaging,Materials,4703483915.408881
DK,"Delek US Holdings, Inc.",NYSE,Energy Minerals,Oil Refining/Marketing,Energy,4687929055.27831
HGTY,"Hagerty, Inc.",NYSE,Finance,Property/Casualty Insurance,Financials,4680141033.204595
RSI,"Rush Street Interactive, Inc.",NYSE,Consumer Services,Casinos/Gaming,Consumer Discretionary,4677186225.931819
VSEC,VSE Corporation,NASDAQ,Industrial Services,Engineering & Construction,Industrials,4674782271.091371
MAT,"Mattel, Inc.",NASDAQ,Consumer Durables,Recreational Products,Consumer Discretionary,4674052439.7312155
HLNE,Hamilton Lane Incorporated,NASDAQ,Finance,Investment Managers,Financials,4672566013.105986
HASI,"HA Sustainable Infrastructure Capital, Inc.",NYSE,Finance,Investment Managers,Financials,4670821719.0
GOLF,Acushnet Holdings Corp.,NYSE,Consumer Durables,Recreational Products,Consumer Discretionary,4668315193.6261635
FLG,"Flagstar Bank, N.A.",NYSE,Finance,Major Banks,Financials,4653190753.264601
OPCH,"Option Care Health, Inc.",NASDAQ,Health Services,Medical/Nursing Services,Health Care,4652329831.445986
STWD,Starwood Property Trust Inc.,NYSE,Finance,Real Estate Investment Trusts,Real Estate,4645546173.719731
REYN,Reynolds Consumer Products Inc.,NASDAQ,Consumer Non-Durables,Household/Personal Care,Consumer Staples,4643725418.444344
CON,"Concentra Group Holdings Parent, Inc.",NYSE,Health Services,Medical/Nursing Services,Health Care,4625068287.310715
PRM,"Perimeter Solutions, SA",NYSE,Process Industries,Chemicals: Major Diversified,Materials,4606150020.027427
DNTH,"Dianthus Therapeutics, Inc.",NASDAQ,Health Technology,Biotechnology,Health Care,4598644868.246643
UEC,Uranium Energy Corp.,AMEX,Non-Energy Minerals,Other Metals/Minerals,Materials,4586636118.01584
SR,Spire Inc.,NYSE,Utilities,Gas Distributors,Utilities,4586280906.353893
DIOD,Diodes Incorporated,NASDAQ,Electronic Technology,Semiconductors,Technology,4578000004.667561
FBIN,"Fortune Brands Innovations, Inc.",NYSE,Producer Manufacturing,Building Products,Industrials,4576702414.205607
LFST,"LifeStance Health Group, Inc.",NASDAQ,Health Services,Medical/Nursing Services,Health Care,4572474206.650702
CHEF,"The Chefs' Warehouse, Inc.",NASDAQ,Distribution Services,Food Distributors,Consumer Staples,4567325396.797991
DFTX,"Definium Therapeutics, Inc.",NASDAQ,Health Technology,Pharmaceuticals: Major,Health Care,4553696246.971217
AMTM,"Amentum Holdings, Inc.",NYSE,Electronic Technology,Aerospace & Defense,Technology,4550264322.1723385
ENVA,"Enova International, Inc.",NYSE,Finance,Finance/Rental/Leasing,Financials,4546317885.620791
TREX,"Trex Company, Inc.",NYSE,Non-Energy Minerals,Forest Products,Materials,4534019512.638749
MC,Moelis & Company,NYSE,Finance,Investment Banks/Brokers,Financials,4527515579.531434
OGS,"ONE Gas, Inc.",NYSE,Utilities,Gas Distributors,Utilities,4512451706.799725
PIPR,Piper Sandler Companies,NYSE,Finance,Investment Banks/Brokers,Financials,4510531202.11867
CUZ,Cousins Properties Incorporated,NYSE,Finance,Real Estate Investment Trusts,Real Estate,4508450701.180167
LPX,Louisiana-Pacific Corporation,NYSE,Non-Energy Minerals,Forest Products,Materials,4508311614.358588
FFIN,"First Financial Bankshares, Inc.",NASDAQ,Finance,Major Banks,Financials,4483284093.37496
DAVE,Dave Inc.,NASDAQ,Finance,Major Banks,Financials,4483050364.09721
BLLN,"BillionToOne, Inc.",NASDAQ,Health Services,Medical/Nursing Services,Health Care,4482296577.417755
CNR,"Core Natural Resources, Inc.",NYSE,Energy Minerals,Coal,Energy,4482178979.075677
TFSL,TFS Financial Corporation,NASDAQ,Finance,Savings Banks,Financials,4473342522.943548
BWIN,"The Baldwin Insurance Group, Inc.",NASDAQ,Finance,Insurance Brokers/Services,Financials,4468535031.817196
RDN,Radian Group Inc.,NYSE,Finance,Specialty Insurance,Financials,4461200453.366171
NWE,"NorthWestern Energy Group, Inc.",NASDAQ,Utilities,Electric Utilities,Utilities,4458198864.311884
TPC,Tutor Perini Corporation,NYSE,Industrial Services,Engineering & Construction,Industrials,4446821923.619719
PSN,Parsons Corporation,NYSE,Technology Services,Information Technology Services,Technology,4440968140.146596
BEPC,Brookfield Renewable Corporation,NYSE,Utilities,Electric Utilities,Utilities,4428315638.388682
UNF,Unifirst Corporation,NYSE,Consumer Services,Other Consumer Services,Consumer Discretionary,4411238357.2335615
GNTX,Gentex Corporation,NASDAQ,Producer Manufacturing,Auto Parts: OEM,Industrials,4404335088.622392
ALK,"Alaska Air Group, Inc.",NYSE,Transportation,Airlines,Industrials,4403859088.488002
OII,"Oceaneering International, Inc.",NYSE,Producer Manufacturing,Industrial Machinery,Industrials,4394731676.552174
SKY,"Champion Homes, Inc.",NYSE,Consumer Durables,Homebuilding,Consumer Discretionary,4392348238.53832
PARR,"Par Pacific Holdings, Inc. Common Stock",NYSE,Energy Minerals,Oil Refining/Marketing,Energy,4386974105.423826
PRIM,Primoris Services Corporation,NYSE,Industrial Services,Engineering & Construction,Industrials,4384912537.507363
TENB,"Tenable Holdings, Inc.",NASDAQ,Technology Services,Packaged Software,Technology,4382469814.213919
PTEN,"Patterson-UTI Energy, Inc.",NASDAQ,Energy Minerals,Oil & Gas Production,Energy,4366856785.86821
GEF,Greif Inc.,NYSE,Process Industries,Containers/Packaging,Materials,4360630048.310032
STNG,Scorpio Tankers Inc.,NYSE,Transportation,Marine Shipping,Industrials,4354323279.764288
VNT,Vontier Corporation,NYSE,Transportation,Other Transportation,Industrials,4346003963.143321
OPLN,"OPENLANE, Inc.",NYSE,Technology Services,Packaged Software,Technology,4343346091.676344
CVSA,Covista Inc.,NYSE,Consumer Services,Other Consumer Services,Consumer Discretionary,4326995905.633621
VSNT,"Versant Media Group, Inc.",NASDAQ,Consumer Services,Cable/Satellite TV,Communication,4326155982.07729
ENPH,"Enphase Energy, Inc.",NASDAQ,Producer Manufacturing,Electrical Products,Industrials,4323772557.313433
ITGR,Integer Holdings Corporation,NYSE,Health Technology,Medical Specialties,Health Care,4303858508.327553
ADT,ADT Inc.,NYSE,Commercial Services,Miscellaneous Commercial Services,Industrials,4298181992.72381
KBR,"KBR, Inc.",NYSE,Technology Services,Information Technology Services,Technology,4293867714.2449102
ARX,Accelerant Holdings,NYSE,Finance,Property/Casualty Insurance,Financials,4289473984.0
OTF,Blue Owl Technology Finance Corp.,NYSE,Finance,Finance/Rental/Leasing,Financials,4272578517.2837834
CRGY,Crescent Energy Company,NYSE,Energy Minerals,Integrated Oil,Energy,4260555622.4699326
BDC,Belden Inc,NYSE,Producer Manufacturing,Electrical Products,Industrials,4248385552.142628
ACLS,"Axcelis Technologies, Inc.",NASDAQ,Producer Manufacturing,Industrial Machinery,Industrials,4247748596.6802745
CNK,"Cinemark Holdings, Inc.",NYSE,Consumer Services,Movies/Entertainment,Communication,4247067925.63542
INDV,"Indivior Pharmaceuticals, Inc.",NASDAQ,Health Technology,Pharmaceuticals: Major,Health Care,4245018726.878079
SLM,SLM Corporation,NASDAQ,Finance,Finance/Rental/Leasing,Financials,4232565620.909735
HHH,Howard Hughes Holdings Inc.,NYSE,Finance,Real Estate Development,Real Estate,4225151671.9137096
IBOC,International Bancshares Corporation,NASDAQ,Finance,Regional Banks,Financials,4222804033.3401856
HTFL,"Heartflow, Inc.",NASDAQ,Technology Services,Packaged Software,Technology,4217251036.5275526
DLO,DLocal Limited,NASDAQ,Technology Services,Packaged Software,Technology,4213329974.1858497
KRMN,Karman Holdings Inc.,NYSE,Electronic Technology,Aerospace & Defense,Technology,4198667745.182543
FULT,Fulton Financial Corporation,NASDAQ,Finance,Major Banks,Financials,4191529442.283352
ALH,Alliance Laundry Holdings Inc.,NYSE,Producer Manufacturing,Industrial Machinery,Industrials,4185504429.651421
SFBS,"ServisFirst Bancshares, Inc.",NYSE,Finance,Regional Banks,Financials,4180725150.275014
TDW,Tidewater Inc.,NYSE,Transportation,Marine Shipping,Industrials,4177533096.97458
BCO,Brinks Company (The),NYSE,Commercial Services,Miscellaneous Commercial Services,Industrials,4174157336.427159
HRI,Herc Holdings Inc.,NYSE,Finance,Finance/Rental/Leasing,Financials,4170907150.497026
GFF,Griffon Corporation,NYSE,Producer Manufacturing,Building Products,Industrials,4163943231.1222343
FHI,"Federated Hermes, Inc.",NYSE,Finance,Investment Managers,Financials,4160817472.253894
UFPI,"UFP Industries, Inc.",NASDAQ,Non-Energy Minerals,Forest Products,Materials,4153108819.868263
EWTX,"Edgewise Therapeutics, Inc.",NASDAQ,Health Technology,Biotechnology,Health Care,4147591830.7672477
EPR,EPR Properties,NYSE,Finance,Real Estate Investment Trusts,Real Estate,4138414261.3524413
LIVN,LivaNova PLC,NASDAQ,Health Technology,Medical Specialties,Health Care,4110526772.94429
XXI,"Twenty One Capital, Inc.",NYSE,Finance,Regional Banks,Financials,4101060153.289515
ONDS,Ondas Inc,NASDAQ,Electronic Technology,Telecommunications Equipment,Technology,4093587826.5159945
FSLY,"Fastly, Inc.",NASDAQ,Technology Services,Information Technology Services,Technology,4092417190.032832
ADPT,Adaptive Biotechnologies Corporation,NASDAQ,Health Technology,Biotechnology,Health Care,4074481913.5239725
BC,Brunswick Corporation,NYSE,Producer Manufacturing,Trucks/Construction/Farm Machinery,Industrials,4074138573.200757
LOPE,"Grand Canyon Education, Inc.",NASDAQ,Commercial Services,Miscellaneous Commercial Services,Industrials,4055198230.4452724
AIR,AAR Corp.,NYSE,Electronic Technology,Aerospace & Defense,Technology,4052983282.562336
CECO,CECO Environmental Corp.,NASDAQ,Producer Manufacturing,Industrial Machinery,Industrials,4041904040.258151
FBP,First BanCorp. New,NYSE,Finance,Regional Banks,Financials,4035785534.0540643
MMYT,MakeMyTrip Limited,NASDAQ,Technology Services,Internet Software/Services,Communication,4033235325.3904634
CRK,"Comstock Resources, Inc.",NYSE,Energy Minerals,Oil & Gas Production,Energy,4025538004.153847
HP,"Helmerich & Payne, Inc.",NYSE,Industrial Services,Contract Drilling,Energy,4019744061.3207865
GEO,Geo Group Inc (The) REIT,NYSE,Commercial Services,Miscellaneous Commercial Services,Industrials,4019662128.7018347
UCB,"United Community Banks, Inc.",NYSE,Finance,Regional Banks,Financials,4006723679.1677685
MIR,"Mirion Technologies, Inc.",NYSE,Electronic Technology,Aerospace & Defense,Technology,3992073657.642554
KRC,Kilroy Realty Corporation,NYSE,Finance,Real Estate Investment Trusts,Real Estate,3974255521.361953
ESAB,ESAB Corporation,NYSE,Producer Manufacturing,Industrial Machinery,Industrials,3968482219.63595
DHT,"DHT Holdings, Inc.",NYSE,Transportation,Marine Shipping,Industrials,3956720991.611134
SKT,Tanger Inc.,NYSE,Finance,Real Estate Investment Trusts,Real Estate,3951837174.8538356
ABCL,AbCellera Biologics Inc.,NASDAQ,Health Technology,Biotechnology,Health Care,3945276624.3219013
EE,"Excelerate Energy, Inc.",NYSE,Utilities,Gas Distributors,Utilities,3940722971.029706
MDU,"MDU Resources Group, Inc.",NYSE,Utilities,Gas Distributors,Utilities,3939845198.0042353
CATY,Cathay General Bancorp,NASDAQ,Finance,Regional Banks,Financials,3926108430.255456
WK,Workiva Inc.,NYSE,Technology Services,Information Technology Services,Technology,3919619546.4153495
MTH,Meritage Homes Corporation,NYSE,Finance,Real Estate Development,Real Estate,3916963098.8446817
PAY,"Paymentus Holdings, Inc.",NYSE,Commercial Services,Miscellaneous Commercial Services,Industrials,3912944783.6414433
VVV,Valvoline Inc.,NYSE,Consumer Services,Other Consumer Services,Consumer Discretionary,3911799521.8633256
SIG,Signet Jewelers Limited,NYSE,Retail Trade,Specialty Stores,Consumer Discretionary,3902663398.807554
MSGE,Madison Square Garden Entertainment Corp.,NYSE,Consumer Services,Movies/Entertainment,Communication,3895606309.1323166
CBT,Cabot Corporation,NYSE,Process Industries,Chemicals: Specialty,Materials,3888847723.0404453
SEZL,Sezzle Inc.,NASDAQ,Technology Services,Packaged Software,Technology,3881718868.9436107
SPHR,Sphere Entertainment Co.,NYSE,Consumer Services,Media Conglomerates,Consumer Discretionary,3867895505.650415
TNL,Travel Leisure Co.,NYSE,Consumer Services,Hotels/Resorts/Cruise lines,Consumer Discretionary,3861375044.2225757
KFY,Korn Ferry,NYSE,Commercial Services,Personnel Services,Industrials,3858947616.440947
COLD,"Americold Realty Trust, Inc.",NYSE,Finance,Real Estate Investment Trusts,Real Estate,3852560053.3923073
FCN,"FTI Consulting, Inc.",NYSE,Commercial Services,Miscellaneous Commercial Services,Industrials,3852228651.3714876
MARA,"MARA Holdings, Inc.",NASDAQ,Technology Services,Data Processing Services,Technology,3850206528.766072
CAR,"Avis Budget Group, Inc.",NASDAQ,Finance,Finance/Rental/Leasing,Financials,3821010035.3057976
CCC,CCC Intelligent Solutions Holdings Inc.,NASDAQ,Technology Services,Packaged Software,Technology,3807850780.9030538
WSFS,WSFS Financial Corporation,NASDAQ,Finance,Savings Banks,Financials,3805739292.260869
APLE,"Apple Hospitality REIT, Inc.",NYSE,Finance,Real Estate Investment Trusts,Real Estate,3800931728.965088
NP,Neptune Insurance Holdings Inc.,NYSE,Finance,Insurance Brokers/Services,Financials,3797926006.7390523
RLAY,"Relay Therapeutics, Inc.",NASDAQ,Health Technology,Biotechnology,Health Care,3794437520.715599
BFH,"Bread Financial Holdings, Inc.",NYSE,Finance,Finance/Rental/Leasing,Financials,3794094942.298597
TDS,"Telephone and Data Systems, Inc.",NYSE,Communications,Wireless Telecommunications,Communication,3791285782.7091937
CVBF,CVB Financial Corporation,NASDAQ,Finance,Regional Banks,Financials,3786584967.3680906
BILL,"BILL Holdings, Inc.",NYSE,Technology Services,Packaged Software,Technology,3781172388.9218187
SRAD,Sportradar Group AG,NASDAQ,Technology Services,Packaged Software,Technology,3769146606.1069646
SUNC,SunocoCorp LLC,AMEX,Distribution Services,Wholesale Distributors,Industrials,3734997033.578947
SKYW,"SkyWest, Inc.",NASDAQ,Transportation,Airlines,Industrials,3734508117.366308
AVNT,Avient Corporation,NYSE,Process Industries,Chemicals: Major Diversified,Materials,3733902614.39561
PENG,"Penguin Solutions, Inc.",NASDAQ,Electronic Technology,Semiconductors,Technology,3730980921.820962
SITE,"SiteOne Landscape Supply, Inc.",NYSE,Distribution Services,Wholesale Distributors,Industrials,3704378288.0420914
ITRI,"Itron, Inc.",NASDAQ,Electronic Technology,Electronic Equipment/Instruments,Technology,3703921652.0051417
SLGN,Silgan Holdings Inc.,NYSE,Process Industries,Containers/Packaging,Materials,3699399103.1089883
BOOT,"Boot Barn Holdings, Inc.",NYSE,Retail Trade,Apparel/Footwear Retail,Consumer Discretionary,3680819761.970247
INDB,Independent Bank Corp.,NASDAQ,Finance,Regional Banks,Financials,3677248052.35264
USAC,"USA Compression Partners, LP",AMEX,Industrial Services,Oilfield Services/Equipment,Energy,3668516105.1912227
WBI,WaterBridge Infrastructure LLC,NYSE,Industrial Services,Oilfield Services/Equipment,Energy,3668192523.95812
SLG,SL Green Realty Corp,NYSE,Finance,Real Estate Investment Trusts,Real Estate,3663613556.580247
TNK,Teekay Tankers Ltd.,NYSE,Transportation,Marine Shipping,Industrials,3659098746.8481197
ZIM,ZIM Integrated Shipping Services Ltd.,NYSE,Transportation,Marine Shipping,Industrials,3642104125.8046017
BMI,"Badger Meter, Inc.",NYSE,Producer Manufacturing,Industrial Machinery,Industrials,3639295723.6571374
GNW,Genworth Financial Inc,NYSE,Finance,Multi-Line Insurance,Financials,3636816338.7590857
NVST,Envista Holdings Corporation,NYSE,Health Technology,Medical Specialties,Health Care,3620339305.4344616
OGN,Organon & Co.,NYSE,Health Technology,Pharmaceuticals: Major,Health Care,3620071065.823423
MGNI,"Magnite, Inc.",NASDAQ,Technology Services,Packaged Software,Technology,3617157378.749604
PVH,PVH Corp.,NYSE,Consumer Non-Durables,Apparel/Footwear,Consumer Staples,3616283406.6858163
CENX,Century Aluminum Company,NASDAQ,Non-Energy Minerals,Aluminum,Materials,3609790334.322648
QTWO,"Q2 Holdings, Inc.",NYSE,Technology Services,Information Technology Services,Technology,3606595589.0598645
GPGI,"GPGI, Inc.",NYSE,Producer Manufacturing,Industrial Machinery,Industrials,3600435172.9921865
ACHR,Archer Aviation Inc.,NYSE,Electronic Technology,Aerospace & Defense,Technology,3599861341.081371
RUM,RUM Group Inc.,NASDAQ,Technology Services,Internet Software/Services,Communication,3599581895.601064
VAC,Marriott Vacations Worldwide Corporation,NYSE,Consumer Services,Other Consumer Services,Consumer Discretionary,3598782489.336729
LXP,LXP Industrial Trust,NYSE,Finance,Real Estate Investment Trusts,Real Estate,3595213901.2611547
LMND,"Lemonade, Inc.",NYSE,Finance,Multi-Line Insurance,Financials,3591976999.8161435
TNGX,"Tango Therapeutics, Inc.",NASDAQ,Health Technology,Biotechnology,Health Care,3588028593.5684843
MNDY,monday.com Ltd.,NASDAQ,Technology Services,Packaged Software,Technology,3560960296.2619443
KTB,"Kontoor Brands, Inc.",NYSE,Consumer Non-Durables,Apparel/Footwear,Consumer Staples,3553578481.433538
ECO,Okeanis Eco Tankers Corp.,NYSE,Transportation,Marine Shipping,Industrials,3549944983.0030665
RNST,Renasant Corporation,NYSE,Finance,Regional Banks,Financials,3547407669.759002
FRSH,Freshworks Inc.,NASDAQ,Technology Services,Packaged Software,Technology,3539390454.5095587
FLY,Firefly Aerospace Inc.,NASDAQ,Electronic Technology,Aerospace & Defense,Technology,3517171688.1975822
BBWI,"Bath & Body Works, Inc.",NYSE,Retail Trade,Specialty Stores,Consumer Discretionary,3511652959.1471086
ALM,Almonty Industries Inc.,NASDAQ,Non-Energy Minerals,Other Metals/Minerals,Materials,3500713931.3367767
MANU,Manchester,NYSE,Consumer Services,Movies/Entertainment,Communication,3499850343.68
WSBC,"WesBanco, Inc.",NASDAQ,Finance,Regional Banks,Financials,3495769859.107486
VKTX,"Viking Therapeutics, Inc.",NASDAQ,Health Technology,Pharmaceuticals: Major,Health Care,3491957950.6965666
CSTM,Constellium SE,NYSE,Non-Energy Minerals,Aluminum,Materials,3478319469.5139647
WT,"WisdomTree, Inc.",NYSE,Finance,Investment Managers,Financials,3477203175.2118096
IRT,"Independence Realty Trust, Inc.",NYSE,Finance,Real Estate Investment Trusts,Real Estate,3476656042.786704
BNL,"Broadstone Net Lease, Inc.",NYSE,Finance,Real Estate Investment Trusts,Real Estate,3475181905.050328
PLSE,"Pulse Biosciences, Inc",NASDAQ,Health Technology,Medical Specialties,Health Care,3467910687.121614
PJT,PJT Partners Inc.,NYSE,Finance,Investment Banks/Brokers,Financials,3466862400.9108353
XENE,Xenon Pharmaceuticals Inc.,NASDAQ,Health Technology,Pharmaceuticals: Major,Health Care,3453329762.8882174
VCYT,"Veracyte, Inc.",NASDAQ,Health Technology,Medical Specialties,Health Care,3445546753.539852
LAZ,"Lazard, Inc.",NYSE,Finance,Investment Banks/Brokers,Financials,3442928578.5262423
MRP,"Millrose Properties, Inc.",NYSE,Finance,Real Estate Development,Real Estate,3422321746.9699383
TARS,"Tarsus Pharmaceuticals, Inc.",NASDAQ,Health Technology,Pharmaceuticals: Major,Health Care,3407370675.9595156
ATMU,Atmus Filtration Technologies Inc.,NYSE,Producer Manufacturing,Auto Parts: OEM,Industrials,3403349057.5194926
IDYA,"IDEAYA Biosciences, Inc.",NASDAQ,Health Technology,Pharmaceuticals: Major,Health Care,3402228792.708842
RHI,Robert Half Inc.,NYSE,Commercial Services,Personnel Services,Industrials,3394318414.1702495
IPGP,IPG Photonics Corporation,NASDAQ,Electronic Technology,Semiconductors,Technology,3392980092.4928913
THO,"Thor Industries, Inc.",NYSE,Consumer Durables,Recreational Products,Consumer Discretionary,3386159952.883278
COHU,"Cohu, Inc.",NASDAQ,Electronic Technology,Semiconductors,Technology,3380437392.8399262
SBLK,Star Bulk Carriers Corp.,NASDAQ,Transportation,Marine Shipping,Industrials,3376356340.0589423
HG,"Hamilton Insurance Group, Ltd.",NYSE,Finance,Multi-Line Insurance,Financials,3374584139.835664
ACAD,ACADIA Pharmaceuticals Inc.,NASDAQ,Health Technology,Pharmaceuticals: Major,Health Care,3363403518.941476
NATL,NCR Atleos Corporation,NYSE,Electronic Technology,Computer Processing Hardware,Technology,3356398855.175721
LIF,"Life360, Inc.",NASDAQ,Technology Services,Packaged Software,Technology,3356176559.3554797
IRTC,"iRhythm Holdings, Inc.",NASDAQ,Health Technology,Medical Specialties,Health Care,3354315326.817412
OLED,Universal Display Corporation,NASDAQ,Electronic Technology,Electronic Production Equipment,Technology,3353280668.3262105
HNI,HNI Corporation,NYSE,Producer Manufacturing,Office Equipment/Supplies,Industrials,3348513353.675775
MCHB,Mechanics Bancorp,NASDAQ,Finance,Regional Banks,Financials,3343389605.2145796
LRN,"Stride, Inc.",NYSE,Consumer Services,Other Consumer Services,Consumer Discretionary,3324787712.6350164
LION,Lionsgate Studios Corp,NYSE,Consumer Services,Movies/Entertainment,Communication,3320766290.4827585
MWA,MUELLER WATER PRODUCTS,NYSE,Producer Manufacturing,Industrial Machinery,Industrials,3309083510.945302
UCTT,"Ultra Clean Holdings, Inc.",NASDAQ,Producer Manufacturing,Industrial Machinery,Industrials,3308165902.7257767
AAMI,Acadian Asset Management Inc.,NYSE,Finance,Investment Managers,Financials,3304482337.07616
AMLX,"Amylyx Pharmaceuticals, Inc.",NASDAQ,Health Technology,Pharmaceuticals: Major,Health Care,3297855326.9659133
PLNT,"Planet Fitness, Inc.",NYSE,Consumer Services,Other Consumer Services,Consumer Discretionary,3290971616.8554187
FIBK,"First Interstate BancSystem, Inc.",NASDAQ,Finance,Regional Banks,Financials,3285150106.73316
BFAM,Bright Horizons Family Solutions Inc.,NYSE,Commercial Services,Miscellaneous Commercial Services,Industrials,3279828509.660347
AB,AllianceBernstein Holding L.P.,NYSE,Finance,Investment Managers,Financials,3276040529.849572
EXPO,"Exponent, Inc.",NASDAQ,Industrial Services,Engineering & Construction,Industrials,3271645988.345177
CDNA,"CareDx, Inc.",NASDAQ,Health Technology,Medical Specialties,Health Care,3254082636.757614
INTR,Inter & Co. Inc.,NASDAQ,Finance,Major Banks,Financials,3249438704.3941507
VECO,Veeco Instruments Inc.,NASDAQ,Electronic Technology,Electronic Production Equipment,Technology,3247817831.56062
POST,"Post Holdings, Inc.",NYSE,Consumer Non-Durables,Food: Specialty/Candy,Consumer Staples,3245770609.7634406
FFBC,First Financial Bancorp.,NASDAQ,Finance,Regional Banks,Financials,3238291910.1279564
SHOO,"Steven Madden, Ltd.",NASDAQ,Consumer Non-Durables,Apparel/Footwear,Consumer Staples,3234793308.051457
KN,Knowles Corporation,NYSE,Electronic Technology,Electronic Components,Technology,3234062185.1351466
ASH,Ashland Inc.,NYSE,Consumer Non-Durables,Food: Specialty/Candy,Consumer Staples,3233469721.9136834
ASO,"Academy Sports and Outdoors, Inc.",NASDAQ,Retail Trade,Specialty Stores,Consumer Discretionary,3226118073.185481
TOWN,Towne Bank,NASDAQ,Finance,Regional Banks,Financials,3213119501.6226416
HIW,"Highwoods Properties, Inc.",NYSE,Finance,Real Estate Investment Trusts,Real Estate,3209910717.1409125
SFNC,Simmons First National Corporation,NASDAQ,Finance,Major Banks,Financials,3206760616.5457
ATKR,Atkore Inc.,NYSE,Producer Manufacturing,Electrical Products,Industrials,3204219363.578018
EXTR,"Extreme Networks, Inc.",NASDAQ,Electronic Technology,Computer Peripherals,Technology,3203817449.726829
BRZE,"Braze, Inc.",NASDAQ,Technology Services,Internet Software/Services,Communication,3198605508.686261
SMR,NuScale Power Corporation,NYSE,Producer Manufacturing,Electrical Products,Industrials,3197141208.438071
WING,Wingstop Inc.,NASDAQ,Consumer Services,Restaurants,Consumer Discretionary,3196776578.1909924
LUNR,"Intuitive Machines, Inc.",NASDAQ,Electronic Technology,Aerospace & Defense,Technology,3180899828.5496182
CXW,"CoreCivic, Inc.",NYSE,Commercial Services,Miscellaneous Commercial Services,Industrials,3174481115.958517
CELC,Celcuity Inc.,NASDAQ,Health Technology,Medical Specialties,Health Care,3164132818.0672545
BULL,Webull Corporation,NASDAQ,Technology Services,Packaged Software,Technology,3154142384.67657
FA,First Advantage Corporation,NASDAQ,Technology Services,Packaged Software,Technology,3153397940.9951005
PFSI,"PennyMac Financial Services, Inc.",NYSE,Finance,Finance/Rental/Leasing,Financials,3150343112.5109177
PTRN,Pattern Group Inc. - Series A,NASDAQ,Commercial Services,Advertising/Marketing Services,Industrials,3139963748.181818
NHI,"National Health Investors, Inc.",NYSE,Finance,Real Estate Investment Trusts,Real Estate,3139875648.130316
PURR,Hyperliquid Strategies Inc,NASDAQ,Finance,Financial Conglomerates,Financials,3136256235.0613384
GBDC,"Golub Capital BDC, Inc.",NASDAQ,Finance,Financial Conglomerates,Financials,3123608517.424999
LBRT,Liberty Energy Inc.,NYSE,Industrial Services,Oilfield Services/Equipment,Energy,3123483783.5332303
CURB,Curbline Properties Corp.,NYSE,Finance,Real Estate Investment Trusts,Real Estate,3118680881.1206894
WIX,Wix.com Ltd.,NASDAQ,Technology Services,Packaged Software,Technology,3108581669.272304
FRPT,"Freshpet, Inc.",NASDAQ,Consumer Non-Durables,Food: Specialty/Candy,Consumer Staples,3085328412.2086954
BTU,Peabody Energy Corporation,NYSE,Energy Minerals,Coal,Energy,3084070085.5211263
WRBY,Warby Parker Inc.,NYSE,Retail Trade,Specialty Stores,Consumer Discretionary,3082784642.3492694
COCO,"The Vita Coco Company, Inc.",NASDAQ,Consumer Non-Durables,Food: Specialty/Candy,Consumer Staples,3081075523.5948668
FOUR,"Shift4 Payments, Inc.",NYSE,Commercial Services,Miscellaneous Commercial Services,Industrials,3079444560.169274
LBTYA,Liberty Global Ltd.,NASDAQ,Communications,Major Telecommunications,Communication,3079022724.1510987
HTGC,"Hercules Capital, Inc.",NYSE,Finance,Finance/Rental/Leasing,Financials,3064810638.126528
PK,Park Hotels & Resorts Inc.,NYSE,Finance,Real Estate Investment Trusts,Real Estate,3059335933.3470397
SBCF,Seacoast Banking Corporation of Florida,NASDAQ,Finance,Regional Banks,Financials,3058632322.376216
AGO,Assured Guaranty Ltd.,NYSE,Finance,Specialty Insurance,Financials,3037643737.601099
WSC,WillScot Holdings Corporation,NASDAQ,Finance,Finance/Rental/Leasing,Financials,3033136326.4763026
DAN,Dana Incorporated,NYSE,Producer Manufacturing,Auto Parts: OEM,Industrials,3029359443.8715205
AVPT,"AvePoint, Inc.",NASDAQ,Technology Services,Packaged Software,Technology,3015864926.737396
BKU,"BankUnited, Inc.",NYSE,Finance,Major Banks,Financials,3015260870.049456
PPLI,People Incorporated,NASDAQ,Technology Services,Internet Software/Services,Communication,3012790422.954915
CBZ,"CBIZ, Inc.",NYSE,Commercial Services,Miscellaneous Commercial Services,Industrials,3012661181.7394524
PII,Polaris Inc.,NYSE,Consumer Durables,Recreational Products,Consumer Discretionary,3002514415.913241
FHB,"First Hawaiian, Inc.",NASDAQ,Finance,Regional Banks,Financials,2998836813.7384334
NMIH,NMI Holdings Inc,NASDAQ,Finance,Property/Casualty Insurance,Financials,2994798756.153389
MIAX,"Miami International Holdings, Inc.",NYSE,Finance,Investment Banks/Brokers,Financials,2993300007.5452285
PAGS,PagSeguro Digital Ltd.,NYSE,Commercial Services,Miscellaneous Commercial Services,Industrials,2991630891.682207
TNET,"TriNet Group, Inc.",NYSE,Commercial Services,Miscellaneous Commercial Services,Industrials,2990234581.672925
RCUS,"Arcus Biosciences, Inc.",NYSE,Health Technology,Biotechnology,Health Care,2974507672.391517
LEU,Centrus Energy Corp.,NYSE,Non-Energy Minerals,Other Metals/Minerals,Materials,2968768569.8525214
MMS,"Maximus, Inc.",NYSE,Commercial Services,Miscellaneous Commercial Services,Industrials,2965281897.3788853
BHE,"Benchmark Electronics, Inc.",NYSE,Electronic Technology,Electronic Production Equipment,Technology,2964472216.6602187
AEO,"American Eagle Outfitters, Inc.",NYSE,Retail Trade,Apparel/Footwear Retail,Consumer Discretionary,2959345048.0
AEHR,Aehr Test Systems,NASDAQ,Electronic Technology,Electronic Production Equipment,Technology,2956668781.4111004
ELVN,"Enliven Therapeutics, Inc.",NASDAQ,Health Technology,Biotechnology,Health Care,2955376131.3209624
DNLI,Denali Therapeutics Inc.,NASDAQ,Health Technology,Biotechnology,Health Care,2953980152.617954
DYN,"Dyne Therapeutics, Inc.",NASDAQ,Health Technology,Biotechnology,Health Care,2950593875.8672514
ARQT,"Arcutis Biotherapeutics, Inc.",NASDAQ,Health Technology,Pharmaceuticals: Major,Health Care,2948105006.032271
WOR,"Worthington Enterprises, Inc.",NYSE,Producer Manufacturing,Industrial Machinery,Industrials,2946860268.2717953
SPSC,"SPS Commerce, Inc.",NASDAQ,Technology Services,Packaged Software,Technology,2945894359.649629
OUST,"Ouster, Inc.",NASDAQ,Electronic Technology,Semiconductors,Technology,2945067640.4089274
AVA,Avista Corporation,NYSE,Utilities,Electric Utilities,Utilities,2944749481.941527
CALM,"Cal-Maine Foods, Inc.",NASDAQ,Process Industries,Agricultural Commodities/Milling,Materials,2924551530.7569375
INTA,"Intapp, Inc.",NASDAQ,Technology Services,Packaged Software,Technology,2916604787.584042
CLBK,"Columbia Financial, Inc.",NASDAQ,Finance,Savings Banks,Financials,2912435240.701389
SMG,Scotts Miracle-Gro Company (The),NYSE,Process Industries,Chemicals: Agricultural,Materials,2908684882.365183
NVTS,Navitas Semiconductor Corporation,NASDAQ,Electronic Technology,Semiconductors,Technology,2894221222.8570795
NTCT,"NetScout Systems, Inc.",NASDAQ,Technology Services,Packaged Software,Technology,2893023983.366359
COLM,Columbia Sportswear Company,NASDAQ,Consumer Non-Durables,Apparel/Footwear,Consumer Staples,2890879678.3460107
IMAX,Imax Corporation,NYSE,Consumer Durables,Electronics/Appliances,Consumer Discretionary,2869887841.5885324
YETI,"YETI Holdings, Inc.",NYSE,Producer Manufacturing,Miscellaneous Manufacturing,Industrials,2867365098.5734735
PFS,"Provident Financial Services, Inc",NYSE,Finance,Savings Banks,Financials,2865384931.0
SLDE,"Slide Insurance Holdings, Inc.",NASDAQ,Technology Services,Packaged Software,Technology,2863639262.450264
AMBA,"Ambarella, Inc.",NASDAQ,Electronic Technology,Semiconductors,Technology,2861217894.57554
KYIV,Kyivstar Group Ltd.,NASDAQ,Finance,Financial Conglomerates,Financials,2860037955.6211033
IHS,IHS Holding Limited,NYSE,Industrial Services,Engineering & Construction,Industrials,2855595609.0
STNE,StoneCo Ltd.,NASDAQ,Commercial Services,Miscellaneous Commercial Services,Industrials,2855499441.31364
SPNT,SiriusPoint Ltd.,NYSE,Finance,Property/Casualty Insurance,Financials,2852432069.6904955
ASST,"Strive, Inc.",NASDAQ,Finance,Financial Conglomerates,Financials,2847112428.861097
ABM,ABM Industries Incorporated,NYSE,Commercial Services,Miscellaneous Commercial Services,Industrials,2845738514.300513
BHF,"Brighthouse Financial, Inc.",NASDAQ,Finance,Life/Health Insurance,Financials,2843946748.945832
KNF,Knife Riv Holding Co.,NYSE,Non-Energy Minerals,Construction Materials,Materials,2842144496.0680647
TALO,"Talos Energy, Inc.",NYSE,Energy Minerals,Oil & Gas Production,Energy,2835073643.704682
CLBT,Cellebrite DI Ltd.,NASDAQ,Technology Services,Packaged Software,Technology,2832613892.2832956
FIZZ,National Beverage Corp.,NASDAQ,Consumer Non-Durables,Beverages: Non-Alcoholic,Consumer Staples,2831862953.766892
DGII,Digi International Inc.,NASDAQ,Electronic Technology,Telecommunications Equipment,Technology,2820683733.7065554
ATRO,Astronics Corporation,NASDAQ,Electronic Technology,Aerospace & Defense,Technology,2820021702.486616
NG,Novagold Resources Inc.,AMEX,Non-Energy Minerals,Precious Metals,Materials,2819392920.2161946
SHAK,"Shake Shack, Inc.",NYSE,Consumer Services,Restaurants,Consumer Discretionary,2810606225.241235
SDRL,Seadrill Limited,NYSE,Industrial Services,Contract Drilling,Energy,2810493201.597179
HOG,"Harley-Davidson, Inc.",NYSE,Consumer Durables,Motor Vehicles,Consumer Discretionary,2808917118.509091
CWT,California Water Service Group,NYSE,Utilities,Water Utilities,Utilities,2808732011.0392075
POWI,"Power Integrations, Inc.",NASDAQ,Electronic Technology,Semiconductors,Technology,2800369811.6015563
TDC,Teradata Corporation,NYSE,Technology Services,Packaged Software,Technology,2789069985.6015086
CLSK,"CleanSpark, Inc.",NASDAQ,Technology Services,Data Processing Services,Technology,2786465403.142361
DNOW,DNOW Inc.,NYSE,Distribution Services,Wholesale Distributors,Industrials,2771447611.4609375
GRBK,"Green Brick Partners, Inc.",NYSE,Consumer Durables,Homebuilding,Consumer Discretionary,2766877956.107254
CXT,"Crane NXT, Co.",NYSE,Producer Manufacturing,Industrial Machinery,Industrials,2765296936.4775586
MZTI,The Marzetti Company,NASDAQ,Consumer Non-Durables,Food: Specialty/Candy,Consumer Staples,2751342210.172508
TMDX,"TransMedics Group, Inc.",NASDAQ,Health Technology,Medical Specialties,Health Care,2746444785.326816
QS,QuantumScape Corporation,NASDAQ,Producer Manufacturing,Electrical Products,Industrials,2745768450.995575
BTDR,Bitdeer Technologies Group,NASDAQ,Technology Services,Data Processing Services,Technology,2715104540.1375003
BANC,"Banc of California, Inc.",NYSE,Finance,Regional Banks,Financials,2712284838.364589
APAM,Artisan Partners Asset Management Inc.,NYSE,Finance,Investment Managers,Financials,2709448479.4008894
HGV,Hilton Grand Vacations Inc.,NYSE,Finance,Real Estate Development,Real Estate,2698582555.7536855
KBH,KB Home,NYSE,Consumer Durables,Homebuilding,Consumer Discretionary,2696479938.4868126
APPN,Appian Corporation,NASDAQ,Technology Services,Packaged Software,Technology,2691791233.34428
ALRM,"Alarm.com Holdings, Inc.",NASDAQ,Technology Services,Packaged Software,Technology,2690144357.059253
ACHC,"Acadia Healthcare Company, Inc.",NASDAQ,Health Services,Medical/Nursing Services,Health Care,2683615330.97246
UNFI,"United Natural Foods, Inc.",NYSE,Distribution Services,Food Distributors,Consumer Staples,2679888107.801789
PGEN,"Precigen, Inc.",NASDAQ,Health Technology,Biotechnology,Health Care,2663782230.3978786
AMBP,Ardagh Metal Packaging S.A.,NYSE,Process Industries,Containers/Packaging,Materials,2662781619.1499996
FUL,H. B. Fuller Company,NYSE,Process Industries,Industrial Specialties,Materials,2662118963.924264
CWK,Cushman & Wakefield Ltd.,NYSE,Finance,Real Estate Development,Real Estate,2654611956.903678
AVAH,Aveanna Healthcare Holdings Inc.,NASDAQ,Health Services,Medical/Nursing Services,Health Care,2651140398.577579
ATRC,"AtriCure, Inc.",NASDAQ,Health Technology,Medical Specialties,Health Care,2649879699.149409
ADEA,Adeia Inc.,NASDAQ,Technology Services,Packaged Software,Technology,2643415170.356643
NOG,"Northern Oil and Gas, Inc.",NYSE,Energy Minerals,Oil & Gas Production,Energy,2637090893.3933
REZI,"Resideo Technologies, Inc.",NYSE,Distribution Services,Electronics Distributors,Technology,2636829701.4863324
BKV,BKV Corporation,NYSE,Energy Minerals,Integrated Oil,Energy,2635262933.79054
BOH,Bank of Hawaii Corporation,NYSE,Finance,Regional Banks,Financials,2612799632.9216866
AMC,"AMC Entertainment Holdings, Inc.",NYSE,Consumer Services,Movies/Entertainment,Communication,2610868600.234375
GCMG,GCM Grosvenor Inc.,NASDAQ,Finance,Investment Managers,Financials,2609934412.8665633
FBK,FB Financial Corporation,NYSE,Finance,Major Banks,Financials,2606359811.0007653
DX,"Dynex Capital, Inc.",NYSE,Finance,Real Estate Investment Trusts,Real Estate,2603270872.30369
LQDA,Liquidia Corporation,NASDAQ,Health Technology,Pharmaceuticals: Major,Health Care,2602918500.2728634
NBTB,NBT Bancorp Inc.,NASDAQ,Finance,Major Banks,Financials,2600861015.968912
PRVA,"Privia Health Group, Inc.",NASDAQ,Finance,Life/Health Insurance,Financials,2585340101.316256
BKD,Brookdale Senior Living Inc.,NYSE,Health Services,Hospital/Nursing Management,Health Care,2580420446.946611
CARG,"CarGurus, Inc.",NASDAQ,Technology Services,Internet Software/Services,Communication,2576450474.7523465
GRDN,"Guardian Pharmacy Services, Inc.",NYSE,Retail Trade,Drugstore Chains,Consumer Staples,2575337476.9183874
TRMK,Trustmark Corporation,NASDAQ,Finance,Regional Banks,Financials,2574849434.655849
NAMS,NewAmsterdam Pharma Company N.V.,NASDAQ,Health Technology,Pharmaceuticals: Major,Health Care,2565267579.8581114
FIVN,"Five9, Inc.",NASDAQ,Technology Services,Packaged Software,Technology,2561149022.813055
FG,"F&G Annuities & Life, Inc.",NYSE,Finance,Multi-Line Insurance,Financials,2561092651.644042
BCC,"Boise Cascade, L.L.C.",NYSE,Distribution Services,Wholesale Distributors,Industrials,2558233702.566648
SKWD,"Skyward Specialty Insurance Group, Inc.",NASDAQ,Finance,Multi-Line Insurance,Financials,2553242309.718114
NEOG,Neogen Corporation,NASDAQ,Health Technology,Medical Specialties,Health Care,2542025528.7881
DRH,Diamondrock Hospitality Company,NASDAQ,Finance,Real Estate Investment Trusts,Real Estate,2540802152.680162
INFQ,"Infleqtion, Inc.",NYSE,Electronic Technology,Computer Processing Hardware,Technology,2535717493.733333
MBX,"MBX Biosciences, Inc.",NASDAQ,Health Technology,Biotechnology,Health Care,2530331645.330033
SOUN,"SoundHound AI, Inc.",NASDAQ,Technology Services,Packaged Software,Technology,2518548632.510089
RDW,Redwire Corporation,NYSE,Electronic Technology,Aerospace & Defense,Technology,2514925648.3476562
BEAM,Beam Therapeutics Inc.,NASDAQ,Health Technology,Biotechnology,Health Care,2514021844.6620913
RNW,ReNew Energy Global plc,NASDAQ,Utilities,Alternative Power Generation,Utilities,2512556520.430334
VIA,"Via Transportation, Inc.",NYSE,Technology Services,Packaged Software,Technology,2512003018.5673995
AAP,Advance Auto Parts Inc.,NYSE,Retail Trade,Specialty Stores,Consumer Discretionary,2506600109.7936893
GPK,Graphic Packaging Holding Company,NYSE,Process Industries,Containers/Packaging,Materials,2500324489.53169
KD,"Kyndryl Holdings, Inc.",NYSE,Technology Services,Data Processing Services,Technology,2498375490.283843
GRND,Grindr Inc.,NYSE,Technology Services,Internet Software/Services,Communication,2497802302.585774
SUPN,"Supernus Pharmaceuticals, Inc.",NASDAQ,Health Technology,Pharmaceuticals: Major,Health Care,2490246593.9739842
PPTA,Perpetua Resources Corp.,NASDAQ,Non-Energy Minerals,Precious Metals,Materials,2489406436.9234614
WTTR,"Select Water Solutions, Inc.",NYSE,Energy Minerals,Oil & Gas Production,Energy,2482150552.1339884
AKR,Acadia Realty Trust,NYSE,Finance,Real Estate Investment Trusts,Real Estate,2480228874.653761
LPG,Dorian LPG Ltd.,NYSE,Transportation,Marine Shipping,Industrials,2476689334.077211
MH,"McGraw Hill, Inc.",NYSE,Commercial Services,Miscellaneous Commercial Services,Industrials,2462144423.015267
WLY,"John Wiley & Sons, Inc.",NYSE,Consumer Services,Publishing: Books/Magazines,Consumer Discretionary,2461451368.9327865
PLUG,"Plug Power, Inc.",NASDAQ,Electronic Technology,Electronic Production Equipment,Technology,2459063495.6404495
CALY,Callaway Golf Company,NYSE,Consumer Durables,Recreational Products,Consumer Discretionary,2456304636.2961893
FRME,First Merchants Corporation,NASDAQ,Finance,Major Banks,Financials,2453651619.809366
MAN,ManpowerGroup,NYSE,Commercial Services,Personnel Services,Industrials,2443402570.3862305
HAYW,"Hayward Holdings, Inc.",NYSE,Consumer Durables,Recreational Products,Consumer Discretionary,2438314647.1097455
COTY,Coty Inc.,NYSE,Consumer Non-Durables,Household/Personal Care,Consumer Staples,2435098027.3375
FRMI,Fermi Inc.,NASDAQ,Finance,Real Estate Development,Real Estate,2427167999.7758183
PAYO,Payoneer Global Inc.,NASDAQ,Commercial Services,Miscellaneous Commercial Services,Industrials,2424477637.8854747
UE,Urban Edge Properties,NYSE,Finance,Real Estate Investment Trusts,Real Estate,2420843922.4448476
KMT,Kennametal Inc.,NYSE,Producer Manufacturing,Industrial Machinery,Industrials,2407049876.4487143
HTO,H2O America,NASDAQ,Utilities,Water Utilities,Utilities,2404882649.1256466
NESR,National Energy Services Reunited Corp,NASDAQ,Industrial Services,Oilfield Services/Equipment,Energy,2397750529.8085055
NWL,Newell Brands Inc.,NASDAQ,Producer Manufacturing,Industrial Machinery,Industrials,2391428378.276224
BUSE,First Busey Corporation,NASDAQ,Finance,Regional Banks,Financials,2386060915.891094
CLOV,"Clover Health Investments, Corp.",NASDAQ,Finance,Life/Health Insurance,Financials,2379584231.4385967
FIGS,"FIGS, Inc.",NYSE,Consumer Non-Durables,Apparel/Footwear,Consumer Staples,2368827597.2889047
OSW,OneSpaWorld Holdings Limited,NASDAQ,Consumer Services,Other Consumer Services,Consumer Discretionary,2355784996.3433475
EEFT,"Euronet Worldwide, Inc.",NASDAQ,Commercial Services,Miscellaneous Commercial Services,Industrials,2325942570.5914106
UPST,"Upstart Holdings, Inc.",NASDAQ,Finance,Finance/Rental/Leasing,Financials,2313617791.4644046
FCPT,"Four Corners Property Trust, Inc.",NYSE,Finance,Real Estate Investment Trusts,Real Estate,2312567606.4907274
ICHR,Ichor Holdings,NASDAQ,Producer Manufacturing,Industrial Machinery,Industrials,2296693420.7727947
KSS,Kohl's Corporation,NYSE,Retail Trade,Department Stores,Consumer Discretionary,2291904869.433648
BBT,Beacon Financial Corporation,NYSE,Finance,Regional Banks,Financials,2287340937.316368
RAMP,"LiveRamp Holdings, Inc.",NYSE,Technology Services,Packaged Software,Technology,2286803175.900426
VC,Visteon Corporation,NASDAQ,Producer Manufacturing,Auto Parts: OEM,Industrials,2284594705.127799
DJT,Trump Media & Technology Group Corp.,NASDAQ,Commercial Services,Advertising/Marketing Services,Industrials,2281898017.0681267
PBI,Pitney Bowes Inc.,NYSE,Technology Services,Packaged Software,Technology,2280495833.3200855
LIND,Lindblad Expeditions Holdings Inc.,NASDAQ,Consumer Services,Hotels/Resorts/Cruise lines,Consumer Discretionary,2279299821.128963
IVT,InvenTrust Properties Corp.,NYSE,Finance,Real Estate Investment Trusts,Real Estate,2278529733.2732854
ANDE,"The Andersons, Inc.",NASDAQ,Commercial Services,Miscellaneous Commercial Services,Industrials,2275683808.8219595
ADMA,ADMA Biologics Inc,NASDAQ,Health Technology,Biotechnology,Health Care,2274564504.3165674
CLDX,"Celldex Therapeutics, Inc.",NASDAQ,Health Technology,Biotechnology,Health Care,2273037366.7474537
LASR,"nLIGHT, Inc.",NASDAQ,Electronic Technology,Semiconductors,Technology,2271263116.7417245
HRMY,"Harmony Biosciences Holdings, Inc.",NASDAQ,Health Technology,Pharmaceuticals: Major,Health Care,2268889879.5790544
IRON,"Disc Medicine, Inc.",NASDAQ,Health Technology,Biotechnology,Health Care,2258267162.9937887
NRIX,"Nurix Therapeutics, Inc.",NASDAQ,Health Technology,Biotechnology,Health Care,2257770342.735592
PDFS,"PDF Solutions, Inc.",NASDAQ,Technology Services,Information Technology Services,Technology,2252399560.270077
ALVO,Alvotech,NASDAQ,Health Technology,Biotechnology,Health Care,2248885158.3999996
CALX,"Calix, Inc",NYSE,Electronic Technology,Telecommunications Equipment,Technology,2245925554.814857
HLIO,"Helios Technologies, Inc.",NYSE,Producer Manufacturing,Industrial Machinery,Industrials,2244593221.1426926
LTC,"LTC Properties, Inc.",NYSE,Finance,Real Estate Investment Trusts,Real Estate,2238698119.764171
STUB,"StubHub Holdings, Inc.",NYSE,Technology Services,Internet Software/Services,Communication,2235226300.1249995
PBH,Prestige Consumer Healthcare Inc.,NYSE,Health Technology,Pharmaceuticals: Major,Health Care,2231813771.488754
IMNM,"Immunome, Inc.",NASDAQ,Health Technology,Biotechnology,Health Care,2216688536.991621
AMR,"Alpha Metallurgical Resources, Inc.",NYSE,Energy Minerals,Coal,Energy,2210845116.142177
OPEN,Opendoor Technologies Inc,NASDAQ,Finance,Real Estate Development,Real Estate,2209232153.281938
BKE,"Buckle, Inc. (The)",NYSE,Retail Trade,Apparel/Footwear Retail,Consumer Discretionary,2208338017.6550536
FLYW,Flywire Corporation - Voting,NASDAQ,Commercial Services,Miscellaneous Commercial Services,Industrials,2204618155.940496
NMRK,"Newmark Group, Inc.",NASDAQ,Finance,Real Estate Development,Real Estate,2201921359.704797
SLS,"SELLAS Life Sciences Group, Inc.",NASDAQ,Health Technology,Pharmaceuticals: Major,Health Care,2198179126.397878
VVX,"V2X, Inc.",NYSE,Commercial Services,Miscellaneous Commercial Services,Industrials,2190413599.52637
WAFD,"WaFd, Inc.",NASDAQ,Finance,Major Banks,Financials,2178899109.440109
BFLY,"Butterfly Network, Inc.",NYSE,Health Technology,Medical Specialties,Health Care,2178420138.52237
ASAN,"Asana, Inc.",NYSE,Technology Services,Packaged Software,Technology,2167202169.9742765
RH,RH,NYSE,Retail Trade,Specialty Stores,Consumer Discretionary,2166900079.1357756
INOD,Innodata Inc.,NASDAQ,Technology Services,Data Processing Services,Technology,2157339548.637862
NWBI,"Northwest Bancshares, Inc.",NASDAQ,Finance,Savings Banks,Financials,2151484537.2683425
PHVS,Pharvaris N.V.,NASDAQ,Health Technology,Biotechnology,Health Care,2140623347.2803035
PTON,"Peloton Interactive, Inc.",NASDAQ,Consumer Services,Other Consumer Services,Consumer Discretionary,2137305568.6000001
PHIN,PHINIA Inc.,NYSE,Producer Manufacturing,Auto Parts: OEM,Industrials,2131787207.6390462
IDT,IDT Corporation,NYSE,Communications,Major Telecommunications,Communication,2130073474.4933298
PEB,Pebblebrook Hotel Trust,NYSE,Finance,Real Estate Investment Trusts,Real Estate,2118057750.8690536
CC,Chemours Company (The),NYSE,Process Industries,Chemicals: Specialty,Materials,2117520760.918455
AUPH,Aurinia Pharmaceuticals Inc,NASDAQ,Health Technology,Biotechnology,Health Care,2114183248.4134917
RXRX,"Recursion Pharmaceuticals, Inc.",NASDAQ,Health Technology,Biotechnology,Health Care,2111781877.078642
CTOS,"Custom Truck One Source, Inc.",NYSE,Finance,Finance/Rental/Leasing,Financials,2108976110.694915
DV,"DoubleVerify Holdings, Inc.",NYSE,Technology Services,Packaged Software,Technology,2107681947.8296297
BCRX,"BioCryst Pharmaceuticals, Inc.",NASDAQ,Health Technology,Biotechnology,Health Care,2104331538.6964285
VERA,"Vera Therapeutics, Inc.",NASDAQ,Health Technology,Biotechnology,Health Care,2104249505.7983472
STGW,Stagwell Inc.,NASDAQ,Commercial Services,Miscellaneous Commercial Services,Industrials,2101266387.9208093
MD,"Pediatrix Medical Group, Inc.",NYSE,Health Services,Medical/Nursing Services,Health Care,2100397101.4556718
AXGN,"Axogen, Inc.",NASDAQ,Health Technology,Medical Specialties,Health Care,2100146847.0466151
CTRI,"Centuri Holdings, Inc.",NYSE,Utilities,Gas Distributors,Utilities,2093469040.5103562
SHO,"Sunstone Hotel Investors, Inc.",NYSE,Finance,Real Estate Investment Trusts,Real Estate,2091869280.8035715
ALGT,Allegiant Travel Company,NASDAQ,Transportation,Airlines,Industrials,2090654796.1805189
NN,NextNav Inc.,NASDAQ,Technology Services,Packaged Software,Technology,2090035452.751534
HTH,Hilltop Holdings Inc.,NYSE,Finance,Regional Banks,Financials,2088089882.5204916
PATK,"Patrick Industries, Inc.",NASDAQ,Consumer Durables,Home Furnishings,Consumer Discretionary,2087044686.740296
ECPG,Encore Capital Group Inc,NASDAQ,Finance,Finance/Rental/Leasing,Financials,2084456462.7677426
PENN,"PENN Entertainment, Inc.",NASDAQ,Consumer Services,Casinos/Gaming,Consumer Discretionary,2084065166.4694657
PGNY,"Progyny, Inc.",NASDAQ,Commercial Services,Miscellaneous Commercial Services,Industrials,2072007149.7012699
VCEL,Vericel Corporation,NASDAQ,Health Technology,Pharmaceuticals: Major,Health Care,2062602401.676976
ETOR,eToro Group Ltd.,NASDAQ,Technology Services,Packaged Software,Technology,2061302647.2195652
UTZ,Utz Brands Inc,NYSE,Consumer Non-Durables,Food: Specialty/Candy,Consumer Staples,2060819067.3044093
ATEN,"A10 Networks, Inc.",NYSE,Technology Services,Information Technology Services,Technology,2045396223.6282003
NCNO,"nCino, Inc.",NASDAQ,Technology Services,Packaged Software,Technology,2043880289.3300154
TRLV,Trulieve Cannabis Corp. Subordinate Voting Shares,NYSE,Process Industries,Agricultural Commodities/Milling,Materials,2043117848.747681
PRDO,Perdoceo Education Corporation,NASDAQ,Consumer Services,Other Consumer Services,Consumer Discretionary,2041263383.6669774
UA,"Under Armour, Inc.",NYSE,Consumer Non-Durables,Apparel/Footwear,Consumer Staples,2034777518.7978723
SECZ,Securitize Corp.,NYSE,Technology Services,Packaged Software,Technology,2032674050.2127986
VRDN,"Viridian Therapeutics, Inc.",NASDAQ,Health Technology,Pharmaceuticals: Major,Health Care,2030197498.3982494
NEO,"NeoGenomics, Inc.",NASDAQ,Health Services,Medical/Nursing Services,Health Care,2026057617.8991854
SFL,SFL Corporation Ltd,NYSE,Transportation,Marine Shipping,Industrials,2014330297.3938258
FCF,First,NYSE,Finance,Regional Banks,Financials,2004444303.8353477
VERX,"Vertex, Inc.",NASDAQ,Technology Services,Packaged Software,Technology,2003396389.6228712
TRN,"Trinity Industries, Inc.",NYSE,Producer Manufacturing,Trucks/Construction/Farm Machinery,Industrials,2002890969.384312
BLKB,"Blackbaud, Inc.",NASDAQ,Technology Services,Packaged Software,Technology,2000341664.434636
